frame,sharp,polyfit_variance
1.0,111.53820498007718,none
2.0,85.26770176844865,none
3.0,85.78031407741028,none
4.0,96.87303183518165,none
5.0,80.73485697357373,none
6.0,77.74069213385425,none
7.0,90.48456197976171,none
8.0,79.55926398835206,none
9.0,81.34434292470092,none
10.0,84.28039208677716,none
11.0,81.30695993593633,none
12.0,79.33914936873013,none
13.0,80.6598106254459,none
14.0,66.61696066160306,none
15.0,67.54873974753087,none
16.0,75.56953040898833,none
17.0,67.0364427592031,none
18.0,62.86806720628989,none
19.0,74.47038418054308,none
20.0,63.46691189361548,none
21.0,64.89019950243879,none
22.0,76.5604333717392,none
23.0,75.04736631318401,none
24.0,60.990754058579434,none
25.0,40.408313368438925,none
26.0,65.24644907821107,none
27.0,35.93568388109394,none
28.0,44.46321599106991,none
29.0,110.68785152757893,5.738509601505283
30.0,88.5487216466306,1.2998510644971102
31.0,96.08522221301172,1.6247221300059973
32.0,102.28613885161009,1.4425052998424
33.0,90.84484526545172,1.5602331303458652
34.0,97.18873333495111,1.473929796062977
35.0,102.73709614268729,1.3023536328951661
36.0,99.89584289412505,1.2316755842893112
37.0,98.62992787012546,1.1270701946092092
38.0,117.2290276691014,1.1677828080776014
39.0,110.217256385741,0.6727893504775612
40.0,107.67274432051249,0.6183825498996749
41.0,124.65328935950885,0.63419480782261
42.0,119.53301603047878,0.5961192996068742
43.0,116.04820526156908,0.695324603165541
44.0,126.20264738906549,0.6911820438032505
45.0,121.38074483690455,0.6765499789538084
46.0,119.34192762318912,0.7054318205446537
47.0,131.09584023839454,0.7249502509115803
48.0,125.17135039200176,0.6673404887906872
49.0,123.01414449697882,0.7003042264402447
50.0,131.33795140129584,0.6929050165643462
51.0,155.25878600266932,0.7482696658189419
52.0,114.99649470746681,0.7317905044855446
53.0,116.51050236365843,0.7227112402177228
54.0,90.0165763463321,0.7813969089002457
55.0,100.6706097794171,5.763706461849545
56.0,108.39518009133927,none
57.0,118.6692675110777,none
58.0,93.61792449765827,none
59.0,99.76038808454463,none
60.0,118.69562859996603,none
61.0,109.2961120935718,none
62.0,91.05405374398796,none
63.0,61.22943707403722,none
64.0,36.630579788298675,none
65.0,61.86332236783227,none
66.0,42.04843087131451,none
67.0,46.440860830983524,none
68.0,86.70722675299086,6.817390386662446
69.0,103.41459454235726,1.5628000674476066
70.0,94.66454559110872,0.6843927580720482
71.0,98.54175358431408,0.6981959351552446
72.0,103.44203327389648,0.6759144962758998
73.0,97.36909556029022,0.6655364347888306
74.0,95.21379770671456,0.7082700318194712
75.0,104.54901393229636,0.6776659616536073
76.0,142.9935651943993,0.7501672519892801
77.0,113.44564421325437,0.6960022269679665
78.0,110.21999423271616,0.6507408309425826
79.0,119.40814953471333,0.7651471845571308
80.0,109.51706993093744,0.6748101670601383
81.0,101.87866621602078,0.6948470681769318
82.0,119.6406113755733,0.7122666239983095
83.0,116.69653234972942,0.6028493033594048
84.0,114.08905542614478,0.6239860111622265
85.0,122.42240691111165,0.6916093264340659
86.0,120.11623858322213,0.7568781949410622
87.0,124.76727860418839,0.6581429294571219
88.0,130.58313151243658,0.724544212426162
89.0,121.44784167963309,0.6698234773108579
90.0,122.89862455133587,0.7636760843178908
91.0,132.58651878026646,0.6878647881048153
92.0,125.61576163032346,0.6479737297290833
93.0,125.60915124366036,0.6177684893046888
94.0,131.50722701390472,0.6518612070512961
95.0,120.60322792244415,0.6405059462857207
96.0,123.9578073434444,0.6418217681130468
97.0,131.73160169244582,0.6829389179933848
98.0,125.51381257647603,0.6415377173390466
99.0,124.00045605571599,0.6257715406947029
100.0,128.6440555552428,0.654678188508683
101.0,163.4657998258633,0.626865385374838
102.0,122.73501238506151,0.6450363461339624
103.0,118.8356467373632,0.6686782179497243
104.0,139.0448572752554,0.6962084309574782
105.0,126.37940667329951,0.7722260354469835
106.0,126.48549475930015,0.7375034100632767
107.0,136.03821673906188,0.7059940510095074
108.0,132.41924504491737,0.6903245599134814
109.0,130.00068534310466,0.781907037127012
110.0,122.01607594457522,1.4538972525089695
111.0,37.77333610968478,none
112.0,63.632170547598825,none
113.0,56.52952866645635,none
114.0,40.399236826906744,none
115.0,67.11689022650391,none
116.0,101.14163123589508,1.0374377604397882
117.0,95.57504261845713,0.6550581437647129
118.0,95.65348646907228,0.6891963173723354
119.0,108.98312309796404,0.6792193729079352
120.0,97.39291576112014,0.7596243062311432
121.0,99.2649026905773,0.6518703927417824
122.0,107.41285022436846,0.6843578973579524
123.0,102.35906898007718,0.5976389366425817
124.0,100.58644020480962,0.6307076063608168
125.0,113.54811603290544,0.6603447212127198
126.0,142.46884754068287,0.6338941840518983
127.0,108.29483827940497,0.6234171014953043
128.0,105.08685235788299,0.5712482960790052
129.0,121.49321439491374,0.6479682986576025
130.0,102.76295679254532,0.6572162854605996
131.0,110.71976971865371,0.6264863450337672
132.0,126.0411990716591,0.7446826282385959
133.0,109.31515105379896,0.8295749098483005
134.0,111.61868723589508,0.7720825468699086
135.0,128.59284540134436,0.7936191341360564
136.0,117.2580002946929,0.8727054797747662
137.0,118.21820807842947,0.7251308840224168
138.0,133.27218756135795,0.908633017869031
139.0,116.3046707101847,0.9264461221313712
140.0,110.83565399946612,0.8277526182997166
141.0,124.8587667416341,0.7260229667724478
142.0,110.80670064733431,0.7139036461768479
143.0,109.80545797820865,0.7246621325298325
144.0,123.27837162406273,0.7307290608031356
145.0,108.20763135975152,0.6937649244022763
146.0,105.82415899284138,0.7477316651894296
147.0,122.9275649633818,0.772842986547833
148.0,109.93355490460821,0.7602435407209971
149.0,111.35494444262177,0.7146245262707818
150.0,130.1073370279308,0.7122221413500086
151.0,152.56339669489674,0.798460944870162
152.0,114.94887824154918,0.7425351289542459
153.0,110.87741019058943,0.7612438110570622
154.0,129.09846203149797,0.8341425713129031
155.0,120.34644777441821,0.886429008484944
156.0,58.25049686660681,7.0237779079111355
157.0,47.746449151981366,none
158.0,30.907730119536993,none
159.0,28.59866172768084,4.344871019500984
160.0,83.80588050338518,2.3285643156994684
161.0,93.07536388497658,0.8421408883576882
162.0,92.44467731456722,0.8163511308587968
163.0,97.52696619243369,0.8335527167235315
164.0,86.64192449455217,0.8154903896136414
165.0,85.20154161896674,0.7635055249746228
166.0,92.56202364493193,0.709410665099298
167.0,79.9784519210852,0.6999564021161916
168.0,88.2008005101798,0.6430482693899706
169.0,97.88271377611684,0.6326290466819288
170.0,86.00058970574389,0.6637271859069639
171.0,88.27429188614137,0.6531576726341677
172.0,95.98003268955812,0.6143417580027871
173.0,85.4024007633284,0.6315206012347784
174.0,85.9235910602053,0.6026701583338584
175.0,96.84127008993181,0.6392263716579887
176.0,120.08412026499064,0.6740455841078428
177.0,90.04832998461504,0.6692354132137811
178.0,90.32572001494822,0.6796757041858945
179.0,100.58678989774079,0.6380216961194652
180.0,98.34906906122448,0.6677026837992187
181.0,98.9762675236963,0.6246343417907712
182.0,103.62244337071998,0.5828029996596051
183.0,97.68140110131282,0.6144765350485321
184.0,94.30539799519524,0.5773149955406294
185.0,100.57669980208208,0.5970692632919431
186.0,95.77067157019097,0.6261363079185411
187.0,99.55889998553715,0.6480938892560517
188.0,103.38826752757892,0.616421630362081
189.0,98.19961774719116,0.6133775153698171
190.0,98.00520635938751,0.6114302723651913
191.0,100.94020639918463,0.6145936543526819
192.0,97.12095342279598,0.6065565804914536
193.0,97.24233364323327,0.6778814521173674
194.0,101.65359654677377,0.6531786895790697
195.0,97.13073007702202,0.6817354756222304
196.0,94.72355190138079,0.6151332293898325
197.0,101.89898583163871,0.6619562760436256
198.0,99.77729193370381,0.5991353619352632
199.0,98.04323749239244,0.6001172895034582
200.0,102.25872484787304,0.6367135642339871
201.0,129.61075301570042,0.633824101711204
202.0,102.14870523079908,0.6422219939540176
203.0,97.83207814836567,0.5915142833072552
204.0,107.30308639918464,0.6576207788255066
205.0,99.37912438777937,0.6498015891009267
206.0,98.02949320158217,0.6276411027378478
207.0,100.78996428935426,0.5423405122355806
208.0,98.21994141318643,0.6340496784492403
209.0,96.16653673750879,0.6373363713788005
210.0,99.11305566220973,0.6671585170495754
211.0,94.40885270848601,0.5964273180806812
212.0,96.77514125322138,0.6123031882238945
213.0,100.83926777160328,0.6210314556092209
214.0,95.31903203902061,0.674534269059032
215.0,100.9592454463831,0.7092766201843064
216.0,104.38770273134509,0.6550330042749001
217.0,99.92357899915068,0.6670017024984977
218.0,99.75529348016211,0.6516928817213713
219.0,103.52383030270087,0.7160780128623989
220.0,100.50293710053627,0.6976840448532944
221.0,98.17014088999977,0.7079540166732681
222.0,104.76573530481205,0.6714079842562805
223.0,97.43231918309105,0.6686082624923073
224.0,97.89052977747579,0.6430922293367868
225.0,102.48849408857288,0.6537755868360279
226.0,126.40450195403918,0.6333457553694515
227.0,102.59274734121189,0.6494499495746636
228.0,97.63071003557474,0.6924747719039688
229.0,107.95089798675048,0.6953100984670747
230.0,97.75973225887547,0.6622588175503613
231.0,98.57108297857265,0.6503628035705433
232.0,104.86003534218253,0.6863188223990248
233.0,100.01580791147565,0.6226625437930731
234.0,102.27111127142129,0.6230264993293935
235.0,103.90952485136745,0.6573645004400459
236.0,98.39450730626807,0.6547956729032512
237.0,101.95604983377419,0.6183849597604668
238.0,110.63004822286393,0.6471264168810953
239.0,105.60914516188211,0.6196416772609974
240.0,104.49530523914677,0.6508431976980578
241.0,108.21170528146764,0.6575900554911844
242.0,102.40007074804048,0.6210507463065239
243.0,101.43985404974643,0.6681581376532043
244.0,107.59775043160474,0.6154602743524262
245.0,98.29042077759713,0.6704386497315564
246.0,104.22850195403916,0.6370569213019897
247.0,107.21607368332161,0.6520128327620086
248.0,106.06345996107646,0.606847859388686
249.0,103.61522908335557,0.6514145530423047
250.0,111.39125466534011,0.609783323397201
251.0,134.2976367826446,0.6585704724181214
252.0,102.50420680375647,0.6518801747327911
253.0,104.04269651231526,0.6982730655654457
254.0,111.99912462772696,0.6743672200890963
255.0,102.62023794802106,0.7016731792598567
256.0,102.76139251755684,0.7133635824041571
257.0,110.4573942197093,0.6838027774809733
258.0,103.69639279341891,0.6495728839028034
259.0,103.12646419413234,0.6801519661943691
260.0,108.34853072445341,0.6984976383660858
261.0,103.25536385313889,0.6481193536757542
262.0,102.3577895702395,0.7109717754764607
263.0,106.84111661044918,0.6842959998089688
264.0,100.92874988512217,0.7169711292797355
265.0,107.80029959901962,0.6263068790492761
266.0,89.65969363818584,4.085378924092119
267.0,23.72244781479774,none
268.0,56.67085712887962,none
269.0,40.649096054162925,none
270.0,27.534408114732216,none
271.0,90.21754905035309,0.7288680131618162
272.0,104.38481790909753,0.6161617770803951
273.0,97.84174935921764,0.5912566913808159
274.0,94.78588564633938,0.6596768215500876
275.0,107.62188787886143,0.6037153974106177
276.0,123.65607940944942,0.6740717617540478
277.0,96.33807132383703,0.5839523657500211
278.0,96.79669101254579,0.5758193412873109
279.0,112.92830807095538,0.5766101317745931
280.0,97.77804260467373,0.6123336579981582
281.0,96.61910257506855,0.5637974442403568
282.0,108.9957712057075,0.5875504161907739
283.0,94.58990205052295,0.5822383301734045
284.0,96.67945691242205,0.5523953574391444
285.0,109.32845603086702,0.6156985814344358
286.0,96.88662888048727,0.6068353426559604
287.0,96.38030016976874,0.5658014138791556
288.0,109.45841282282996,0.5489572105312628
289.0,105.98961226683491,0.537184280318989
290.0,103.68319712684122,0.5967116101325846
291.0,110.33963287786648,0.5649196199704953
292.0,105.60916687675024,0.5887641167525756
293.0,105.61239251464487,0.6078297817919264
294.0,108.74533520347497,0.5677269796393366
295.0,103.0815881905409,0.5988301226732532
296.0,103.94239390579729,0.5734328570364396
297.0,111.82597759673857,0.586094494252839
298.0,106.51310962013153,0.5970441594237464
299.0,108.50704408687425,0.5963750415715054
300.0,121.16983887442062,0.5912679835319483
301.0,144.9718915382562,0.5748578177389484
302.0,113.99748675638817,0.587390653364972
303.0,113.82283094120217,0.5332809143023213
304.0,131.06035942983328,0.5653493151284863
305.0,116.21677961843287,0.6153487817438716
306.0,111.8163825944818,0.6000814890822032
307.0,120.23665455604362,0.6528367591839555
308.0,109.7110708825742,0.6130124411447413
309.0,110.90558951685314,0.6180433952957514
310.0,115.7031335966415,0.647689193969728
311.0,104.38856516042613,0.6368856943716154
312.0,108.69518094629815,0.6461140853380878
313.0,114.55270249353298,0.6111083668901299
314.0,113.27943385726421,0.6246501084136507
315.0,107.82566216117837,0.6211504117995993
316.0,118.32500636889998,0.6516422713637253
317.0,110.00731855662599,0.6181668042952138
318.0,112.6860939091946,0.657570888103014
319.0,121.78710257506854,0.6806674055213279
320.0,115.04757002169428,0.6738447481727354
321.0,110.0674491479046,0.7660062011029809
322.0,114.12436403465264,0.7576983616544484
323.0,109.03388312261886,0.7571877083181011
324.0,108.23499184197625,0.7101754366224317
325.0,114.76913435414593,0.8378904832557421
326.0,146.42048280171807,0.7625494369318216
327.0,114.11978059161834,0.841857915685339
328.0,114.76606254983136,0.8020114629037542
329.0,120.39530184183067,0.7557380305224701
330.0,113.5759200935718,0.7643468613052796
331.0,112.38659498420249,0.8751147582722021
332.0,115.18634630532166,0.8735863033459109
333.0,112.9963603678808,0.8113857492573388
334.0,114.08297270984494,0.9145637662654741
335.0,115.63605562047127,0.8252261746260071
336.0,106.54227561396783,0.7556913131496387
337.0,109.49095358547888,0.7250927604117077
338.0,116.19407434919556,0.8374277084307439
339.0,106.79616774044503,0.8296648641497497
340.0,103.56616142066055,0.8011717198209188
341.0,113.50684326239413,0.8636682520491478
342.0,103.8905539958747,0.8132789775130715
343.0,100.73179149952679,0.9071270526641484
344.0,108.7409802806183,0.8953933128088081
345.0,101.38532053638767,0.8824394018843367
346.0,98.06460040321288,0.8729544227983844
347.0,106.63120318920625,0.7969725784735411
348.0,96.62527714858402,0.7828967828068135
349.0,89.72955396889029,0.8754109360709841
350.0,97.87722084010774,0.7407040641923696
351.0,128.28304525477444,0.7629438930946109
352.0,93.34556334936542,0.7953183220361774
353.0,90.14524166429663,0.8253962210866119
354.0,102.80243088800991,0.8741682979837233
355.0,90.53957554670096,0.8880150641882889
356.0,92.36727898624086,0.832036124852498
357.0,98.14424188890776,0.8592670117668827
358.0,92.76758327705112,0.8111465953318971
359.0,91.57985553214104,0.9427647379521172
360.0,99.69338144036497,0.8663791733921115
361.0,82.72281680448445,0.6627101028939953
362.0,81.00906578660002,0.9223621078956952
363.0,85.33653252988427,0.8086645700562805
364.0,75.99335780669271,0.7967425242070174
365.0,72.45119823572522,0.8889294128349049
366.0,76.76097156096968,0.9174575456618195
367.0,70.19083614394913,0.7800424560996425
368.0,67.1593587901672,0.7433391127865802
369.0,73.62455621403092,0.8412214113239435
370.0,65.49350031303842,0.8213173850066212
371.0,64.27593287912835,0.8890875067883395
372.0,69.61632720774587,0.756614646979213
373.0,65.8977709141207,0.7160669646868547
374.0,65.81075017826203,0.783745976900255
375.0,69.326727501274,0.7236416333247288
376.0,96.86292901065302,0.7688250572159191
377.0,70.18064573311655,0.7389348361644215
378.0,69.02891597466572,0.8076629296616862
379.0,76.51042791623188,0.751024468663846
380.0,64.9155129817273,0.7141528933723601
381.0,65.30920577388434,0.7369324304810754
382.0,71.25498481360867,0.7766928217040732
383.0,65.67462484175788,0.7184677644930844
384.0,64.25385778834722,0.7711355047595192
385.0,70.40516239229294,0.7968193037492319
386.0,65.18532437088986,0.6934839827147617
387.0,61.45969446907229,0.6635614791404612
388.0,66.17309834259505,0.7578001991589369
389.0,60.968788536096476,0.735174455236019
390.0,60.46934849532869,0.7588482892977539
391.0,65.11657967686672,0.7374312478208722
392.0,59.61912926438399,0.6913076887268552
393.0,57.363183795384515,0.7563144760167406
394.0,62.46626668310321,0.8310943873256529
395.0,59.53378543755006,0.7505530221699566
396.0,59.34140253400956,0.7750289015913383
397.0,62.36198688868936,0.8462952560243776
398.0,59.802989093062195,0.7240886492102804
399.0,59.18280080564926,0.7884234061363534
400.0,64.15128884039895,0.737085425195221
401.0,31.106035615909143,none
402.0,14.952700623650173,none
403.0,13.528507541168192,none
404.0,19.08858877080249,none
405.0,53.521811012545804,2.534090957116827
406.0,64.31662302894999,0.7471219055899532
407.0,68.66809672217234,0.7993695757116376
408.0,60.636017702540705,0.8046404922514969
409.0,60.14924523244922,0.7712027934844545
410.0,65.30709356732754,0.807500865783741
411.0,56.66177522929457,0.799384146300119
412.0,56.27652554500231,0.7600028545721226
413.0,61.718243054090124,0.7514597771004732
414.0,59.77157878948774,0.7429353383823404
415.0,57.30828046455872,0.7122601354842566
416.0,68.2201120726055,0.7377839906065767
417.0,59.17376261845714,0.6840697207602893
418.0,57.65289889101895,0.6751564123322069
419.0,69.27977434987501,0.7533865805373238
420.0,58.90307558057707,0.7465610199382227
421.0,58.77725235400034,0.6963421701896775
422.0,72.90965970501588,0.6969209095539307
423.0,60.350393199155526,0.7468648232107631
424.0,60.44705442015095,0.7480689800059571
425.0,71.60517119813633,0.6799009870936352
426.0,85.48291617695163,0.6431524803555432
427.0,62.21482935242302,0.7626799685348232
428.0,61.815232464364584,0.7270070796507364
429.0,76.30846772462326,0.7239842728476571
430.0,61.42440630192434,0.6941430564042
431.0,64.14594836817201,0.7744078280980466
432.0,77.49028988269554,0.8409184537711034
433.0,60.36174722997403,0.7283011124557894
434.0,62.07792638074208,0.6971391627282038
435.0,74.30767737300103,0.7682151838959611
436.0,61.45457158348905,0.7912346506895319
437.0,65.49342693722244,0.6772221872991745
438.0,73.6790467697833,0.791120146374883
439.0,67.23692335169501,0.7265483004734407
440.0,66.63777868174428,0.7635248322285049
441.0,76.7866615545148,0.7797744605404129
442.0,64.22954063665703,0.8345089737988917
443.0,64.4171603678808,0.8066956713206295
444.0,75.46082963391494,0.7039847926776652
445.0,64.12683839899051,0.7490545819280292
446.0,65.02072553083063,0.7436612187470697
447.0,75.68841656919605,0.7175179998123504
448.0,65.81360111276663,0.751804750100225
449.0,65.66339121026961,0.7299491822988466
450.0,80.09318460569293,0.7449273487049457
451.0,88.65989239399158,0.8842376160292561
452.0,64.06515944536388,0.7993585115142944
453.0,64.92785251221821,0.7634280156316462
454.0,78.43464031488267,0.7816282921539961
455.0,65.21597107583294,0.7499730174178332
456.0,65.56826988123953,0.7353070460346026
457.0,76.31293341784561,0.8555274454361913
458.0,67.16828358853648,0.7680100088345886
459.0,67.50609639641826,0.7811603650871887
460.0,76.67670320561042,0.770137636837381
461.0,59.31595331738213,0.7218888262199513
462.0,62.058683982236886,0.7973894168840201
463.0,70.89909742667865,0.8974990414857411
464.0,62.34140723201242,0.7782120400078016
465.0,62.0053294672523,0.6863807043812584
466.0,74.04957946079737,0.7408247028039268
467.0,64.94913036822054,0.6363375473819943
468.0,62.43323522531486,0.7027923423726051
469.0,79.16458621213813,0.6534467009050786
470.0,65.26404220281977,0.6486994536217524
471.0,66.15770287073212,0.716969990613154
472.0,78.6046724069014,0.7453099763108244
473.0,63.78911802916839,0.7585836166277347
474.0,63.048936446310286,0.7303724880157263
475.0,77.85155110776772,0.7568294291230973
476.0,90.4245713408236,0.7097208900469879
477.0,67.99136647780826,0.6783846810160169
478.0,75.79630704516005,0.6766840675254756
479.0,94.11742584386904,0.6190185283160509
480.0,82.36365590196316,0.6181729906600799
481.0,86.3715176067364,0.7063649052599755
482.0,101.8856535983887,0.6701271060563541
483.0,89.9157699089034,0.6425622354195955
484.0,90.2404958854619,0.6231817404824114
485.0,102.95505415380137,0.650042086709384
486.0,89.39004171088838,0.626321890180002
487.0,91.1719286889757,0.5875243097624551
488.0,104.50694125885121,0.598464952125096
489.0,90.03540308728677,0.6213339042819941
490.0,92.54369994282801,0.6024468565325564
491.0,106.79371876861849,0.6311628884933328
492.0,93.45974851551844,0.6372311521724809
493.0,100.44094102783373,0.6034442658289366
494.0,116.15574748273436,0.5675807370256165
495.0,97.64449865378923,0.6177635512361901
496.0,111.28142866500038,0.5866938543298896
497.0,112.17571775641245,0.6456405435804511
498.0,94.76554854949161,0.6077856497289181
499.0,89.60979724467956,0.6656733707261513
500.0,99.92782619563688,0.6115849332313257
501.0,108.7248658357155,none
502.0,23.933729934334732,none
503.0,54.85975898468781,5.321188894419162
504.0,104.61720474653596,none
505.0,82.39181811973113,0.5891301534552225
506.0,97.19471746618458,0.6316516824649623
507.0,105.60021183722004,0.6234071738106045
508.0,94.22307557902398,0.6017900489750699
509.0,97.44563790783567,0.6088659159817689
510.0,107.37722670834042,0.5469169114909813
511.0,94.22426891213085,0.5565655748670336
512.0,93.92793434443934,0.5790076725773802
513.0,104.71452780353805,0.5876534723195871
514.0,93.8266177023466,0.5529677580722424
515.0,92.54509679186586,0.5552866313592817
516.0,107.85859554951588,0.5183092864101024
517.0,94.48704401621004,0.5340018657359115
518.0,95.82307593001528,0.5313157083293526
519.0,107.61282184532504,0.5308200845019146
520.0,93.08882288820404,0.5755677998581886
521.0,92.4414247621636,0.527639750885325
522.0,107.53010366628651,0.5790538980959691
523.0,96.67520036652189,0.5744033069194326
524.0,95.08392249693028,0.5172122983353208
525.0,110.11659255017109,0.5404405732193585
526.0,127.66048837875222,0.5889047877478237
527.0,95.80787673993545,0.5695159355913528
528.0,97.18687181382708,0.5209765573246724
529.0,111.9996655487879,0.5748237175681468
530.0,94.69577733951319,0.5494630173164017
531.0,96.88222386527215,0.5972166297359484
532.0,111.4797566807251,0.5656443624429294
533.0,89.10311935975153,0.6119457190586005
534.0,87.98716231347521,0.5570702618448081
535.0,103.91032263282293,0.5579713124351651
536.0,83.46161836724987,0.6380098420532185
537.0,85.04237646882963,0.5997204724506185
538.0,103.86953801354072,0.6313158879704902
539.0,90.816666784052,0.6095612004994395
540.0,91.4913912809338,0.6206769985067867
541.0,103.5333044428159,0.630515473772284
542.0,88.74398504559683,0.6307319274621167
543.0,87.67212258448397,0.6280991581706392
544.0,101.46615713810091,0.6478285072190271
545.0,83.71687201688951,0.6534693179402091
546.0,83.74488020228591,0.5865536233752678
547.0,89.97097278128564,0.6577415839501393
548.0,69.8696224595598,0.6686440946308091
549.0,66.11545540051931,0.5855617384734338
550.0,79.46789573772719,0.6478997042822492
551.0,100.58446175699483,0.6521161756306926
552.0,75.13015646096726,0.7326999287500096
553.0,76.54657636923973,0.6285617884034559
554.0,82.58017671867796,0.6642840200939083
555.0,74.68181496818656,0.6298797062579258
556.0,73.23522471848382,0.6838214821340045
557.0,80.68230050717077,0.6116748731469436
558.0,71.86278593511126,0.6835008250714464
559.0,74.86838271018466,0.6818136215231305
560.0,81.19284932903005,0.6552891540406106
561.0,67.4216520080565,0.6820206139467837
562.0,67.11012161421048,0.6570970191500894
563.0,71.72866416559489,0.7099679231115609
564.0,65.12110530573418,0.6732998539207853
565.0,63.54199714276008,0.7071516997951891
566.0,72.58543192176465,0.7105954505520962
567.0,67.77989618345507,0.7188690160485552
568.0,66.1881998732316,0.6544593622046269
569.0,74.41656241850082,0.7881433929644333
570.0,65.55917973491228,0.8358969381841224
571.0,65.90514281831639,0.7007909150379936
572.0,70.11907739144361,0.7898958453582124
573.0,64.52409928161325,0.758218619637255
574.0,62.02626171797423,0.8322482390942721
575.0,66.73715828056977,0.9569542657192359
576.0,87.24410167332378,1.0647846199437394
577.0,59.680924613555305,0.8520452583402125
578.0,59.5301189017933,0.862739878917383
579.0,67.29052704253924,0.8230554185968473
580.0,60.671994259894696,0.8308113806791972
581.0,57.263876298866755,0.8418696421550914
582.0,65.90580164760125,0.8768584504238174
583.0,58.17291262161177,0.8228447134020702
584.0,61.13946182086438,0.8642113731287034
585.0,65.25353432502608,0.8878717643168628
586.0,59.428054328326326,0.7158399235864753
587.0,59.968114513237396,0.7946518858745002
588.0,65.87284237909194,0.9780718933970413
589.0,56.33285237846103,0.9360300191024624
590.0,59.894163546798026,0.8442201399287113
591.0,72.11127829978889,0.9201708218824991
592.0,59.676546081098785,0.9654294594069753
593.0,61.71786722317939,0.9063357719027725
594.0,74.25774587104759,0.8948090088287086
595.0,60.42587888898056,0.8841635475185129
596.0,61.56452728908734,0.9251722128294531
597.0,86.65649077589846,0.9507570689744879
598.0,65.17792422587299,0.9118804539694362
599.0,61.26918136756533,0.8880702578214485
600.0,77.77419083248803,0.8917495259231437
601.0,91.73584384149095,1.0038779845858217
602.0,61.781816593462594,1.0035481063716303
603.0,59.61717977490355,0.8521173109535022
604.0,72.72726280802738,1.0136440667220343
605.0,56.6475793245165,0.9678134665562034
606.0,59.782841224004464,0.9654111043376641
607.0,77.34828222417433,1.017305434999104
608.0,59.92993239185614,0.9612292182763686
609.0,59.55824022752311,0.9834544017618477
610.0,75.66962664815938,1.0342564631456734
611.0,57.96882754738043,0.9861890269389213
612.0,60.84852132145892,0.9815442276657399
613.0,75.30926467519231,1.0226596451792263
614.0,59.19434896881749,1.0536657688658804
615.0,60.538347185905984,0.8320902736535108
616.0,74.95799302249507,1.0192048938658833
617.0,59.199322313475214,0.9253371795856541
618.0,61.74074167332379,0.9873012077845124
619.0,73.04884512645295,1.1663655557678305
620.0,57.02246423606494,1.0594064435498065
621.0,56.677419951563984,1.00013494004467
622.0,74.10200816947753,1.2456045565099962
623.0,57.7754142638744,1.04361509320332
624.0,57.459319017107916,1.005238598176338
625.0,72.11302672717125,1.0727413672213642
626.0,98.16088220883789,1.1415450651147574
627.0,58.776535294328916,1.007137603141139
628.0,58.38779902409669,1.1110850797736442
629.0,73.06617159397219,0.9575258123516229
630.0,56.95922968904851,0.9040973959131287
631.0,53.669886797932485,1.060507884233782
632.0,70.8700963552622,1.0879269557214817
633.0,53.933535146594195,1.1024451996992888
634.0,53.81717113213133,1.0808821779576672
635.0,69.50930017966948,1.1528841452392231
636.0,52.4400575392754,1.0240168425898817
637.0,54.35414200354291,1.07146633006187
638.0,68.22952088174914,1.1763634387538076
639.0,52.28248863850129,1.0928342822793504
640.0,50.41512184464559,1.0503010900418142
641.0,63.47807484539784,1.249218889578253
642.0,51.127994137203046,1.24854548875264
643.0,51.65792661447741,1.3190889185429024
644.0,66.09037408177825,1.125278208280567
645.0,50.484308769055296,1.2058470324187178
646.0,50.534386463539526,1.1309619926420482
647.0,67.89013802460627,1.2595903687305696
648.0,52.23316309971122,1.098552739174509
649.0,52.26695877114223,1.3059225036823925
650.0,67.2060963552622,1.1097166786940327
651.0,92.88918203460409,1.346683454494522
652.0,55.86972181804944,1.2302372020852166
653.0,54.473682566817935,1.033840227235977
654.0,72.18999833395617,1.1970039022403733
655.0,53.81981064563567,1.1565235550436668
656.0,58.15787439986411,1.3040592946914402
657.0,70.78817291989613,none
658.0,28.327278338615347,none
659.0,15.281958307748306,none
660.0,16.60246396660924,none
661.0,14.753083966706301,none
662.0,20.616512215875176,none
663.0,43.69798140173263,none
664.0,44.757217733990146,1.403327313651733
665.0,49.75422581125482,1.2369118260713041
666.0,58.66098259467592,1.1766792607028898
667.0,46.190773540148996,1.1966479307990363
668.0,49.54708829624596,1.0562995222723621
669.0,54.516134950714644,1.2300481365370657
670.0,49.80669033036473,1.156711825630283
671.0,50.76677362712029,1.0563679082534694
672.0,56.25331299706375,1.2143897451774774
673.0,52.85945942138852,1.282608653639081
674.0,51.340842786769876,1.1852555630180526
675.0,56.791071862554304,1.1651431019152882
676.0,77.69488389429493,1.3145213107239526
677.0,52.78119315062244,1.2507123754319398
678.0,49.26410548996578,1.0255262505425289
679.0,59.04950948152102,1.3888971886261245
680.0,50.39065867126113,1.1866965995140266
681.0,50.12078701409886,1.0999015559529766
682.0,57.93975780591618,1.1196936176383092
683.0,49.1705074848698,1.1307276477151342
684.0,49.064602849280504,1.1379476471012764
685.0,52.154452371472246,1.1927890738854905
686.0,47.13157859690844,1.125730271103048
687.0,47.981762576524545,1.1512781994006553
688.0,54.39094184047174,1.1772634519406484
689.0,48.33648148860687,1.0600754902850196
690.0,47.356749096944846,1.3913693328057763
691.0,53.83982318425587,1.2716770332565652
692.0,49.60686024897474,1.2067408750478525
693.0,50.181279135722775,1.1542711391761515
694.0,55.67042895833434,1.1743860887361863
695.0,49.54837126880051,1.0596515108244842
696.0,49.250519316071724,1.0501054303334822
697.0,56.60534758678929,1.1766087374632244
698.0,49.02384935950885,1.1971726922665626
699.0,50.59892751816351,1.3031393181613578
700.0,56.19350485806498,1.197296419243588
701.0,79.93994151724138,1.4773341934815172
702.0,52.36413856157635,1.416782655068417
703.0,51.446867989419786,1.335504752307497
704.0,58.78201270596229,1.2327466840361223
705.0,51.449348646751915,1.2114468597557104
706.0,51.44586086185056,1.1935808020058976
707.0,57.63314077759713,1.3919495814366944
708.0,51.231082685821065,1.2841166287291168
709.0,51.823853058894905,1.3439067847131865
710.0,56.72435521793784,1.174490785447502
711.0,50.9869484215584,1.237165754421828
712.0,48.12455585915698,1.1479737831951717
713.0,56.30280416646849,1.1353214316699651
714.0,50.51678313533451,1.197023304772197
715.0,49.81628388517072,1.3011355619690372
716.0,56.251596419811214,1.3053427120733767
717.0,49.60095549768254,1.3435822209541224
718.0,52.26630413511612,1.4634676077007382
719.0,57.66125287815769,1.3703047117776455
720.0,51.05089406139436,1.2612411318958756
721.0,51.63683506030235,1.3093514456156066
722.0,60.30395424067559,1.4472562940158011
723.0,51.536131429153826,1.205193082027227
724.0,50.914284602295616,1.3513725249710618
725.0,58.39437012458444,1.3696518115760463
726.0,84.30354222660097,1.4643665312578684
727.0,54.44265173763013,1.5255965113217114
728.0,53.88657249668762,1.2739677402218845
729.0,63.7112890190007,none
730.0,51.608212177339894,1.6091763288923095
731.0,50.239303664345165,1.287968135881003
732.0,58.47258649557136,none
733.0,51.16528260370308,1.4183425023055953
734.0,48.35089199504963,1.5033239766841773
735.0,58.435162394234275,1.4916168491494939
736.0,51.36747282816861,none
737.0,51.16584214283289,none
738.0,59.29855264471353,1.4380826147481252
739.0,50.8518630008008,1.4436041617164965
740.0,51.33931853100051,1.326724537714621
741.0,58.17333213385426,1.4971926118806094
742.0,48.859135344609186,1.50457762316664
743.0,49.74264574204664,none
744.0,55.908364756824966,1.537865480823443
745.0,48.090411634739986,1.5716965437109363
746.0,47.01202463384211,1.5641653113632206
747.0,53.3839506515567,none
748.0,47.34737871979423,1.519619240032797
749.0,47.10783895323838,1.514808022812796
750.0,52.80388858899756,1.5801095482511185
751.0,74.58416889669732,none
752.0,49.563254138076644,1.3248410761642901
753.0,48.97168921196827,1.460347797979759
754.0,58.52569463952048,1.4170369416028636
755.0,46.06667219296756,1.3705307787684704
756.0,45.39663471571743,1.302128101862549
757.0,51.992703195515546,1.4265731179678325
758.0,44.53631444936785,1.325911752806861
759.0,46.83371519813633,1.3132557226724466
760.0,49.75180071304812,1.3783204122537915
761.0,47.351448274309014,none
762.0,46.23836224358757,1.3697608315204557
763.0,50.36014477458808,1.5384315129264128
764.0,45.13739165871532,1.3502037872299193
765.0,45.63931690417141,1.3635379893055142
766.0,53.32843006683006,none
767.0,47.43424541085685,1.4386300869774657
768.0,47.355545448421466,1.5181331733352657
769.0,53.04856240762941,1.5163308571018252
770.0,46.570905345919584,1.3733015817008742
771.0,45.843140129583354,1.4570597052896705
772.0,52.66344988949017,1.5319503316904965
773.0,49.67212222417433,1.4149117119409862
774.0,46.18462400504744,none
775.0,55.0554921497731,1.5090102581281901
776.0,78.99888070897134,none
777.0,51.495511250843265,1.6203613193391306
778.0,48.456660011162604,none
779.0,58.35579518804144,1.532708791484271
780.0,47.93844229988595,1.350680588939146
781.0,49.46189168385548,1.3911638914946203
782.0,55.265401269043174,1.6509064285896256
783.0,46.81303892877769,1.4341646076843366
784.0,44.757197441723896,1.3611463747960675
785.0,54.63715898332888,1.4647475724206485
786.0,47.15769280846417,1.4898679928760747
787.0,48.52366451833337,1.3110892928749802
788.0,52.30575996660923,1.4407823437040912
789.0,47.55319896139193,1.6499359401820861
790.0,46.72819654114392,1.5274158571126322
791.0,52.8854712708389,none
792.0,47.8893787496906,1.5043148026357211
793.0,49.73314854522071,none
794.0,63.08834728569001,none
795.0,51.28290918352787,none
796.0,51.12839408711689,1.5609938916833108
797.0,68.70364519439929,none
798.0,50.853162299109414,1.4507525051170547
799.0,50.80874871256279,none
800.0,70.28661286068578,none
801.0,79.2652600338761,none
802.0,48.65401402606227,none
803.0,50.96204903744327,1.5878526336135452
804.0,67.13769361061904,none
805.0,50.04137478162537,none
806.0,49.12875086510228,1.5599390891488831
807.0,67.18636954218739,none
808.0,52.16035630896164,1.6285664120274064
809.0,50.107201135285976,1.6157687584146263
810.0,68.15956813162174,none
811.0,49.74674372064355,none
812.0,49.92482192763716,none
813.0,59.42764836807494,none
814.0,24.53584682957606,none
815.0,16.849803359072048,none
816.0,44.31804992346333,none
817.0,47.44154630299207,none
818.0,49.3457845173627,1.6683677918446358
819.0,68.01245397849985,1.5682446953333486
820.0,46.19905378184377,1.3904466349479674
821.0,47.70776612875828,none
822.0,65.33726095794609,1.5208511737966512
823.0,53.50806050950035,none
824.0,20.916467165522093,none
825.0,24.915678186803856,none
826.0,69.74402112159966,none
827.0,48.85290129826009,none
828.0,49.265206503045455,1.384749600260635
829.0,68.45192026829092,1.458426346786167
830.0,47.05870682617875,1.5575043772255466
831.0,47.641930096435246,1.3925633887615292
832.0,64.14408137096267,none
833.0,48.709426952753034,1.3808648468031484
834.0,47.9155991190274,1.3731210075449085
835.0,63.40076943347326,none
836.0,45.33963885558979,none
837.0,18.109610811618822,none
838.0,25.682279352956872,none
839.0,30.214345465893377,none
840.0,45.13796560401853,none
841.0,67.51637516076585,1.824171051065019
842.0,46.98008936843893,1.5513175884050916
843.0,48.24284906462181,none
844.0,61.04819518998277,none
845.0,50.25282432711302,none
846.0,26.193694132446794,none
847.0,30.688941908418062,none
848.0,36.43593381406975,none
849.0,45.512932830789396,none
850.0,64.4618991835764,1.5968475549367882
851.0,69.99938131728506,none
852.0,48.25781195991167,1.4998746421306148
853.0,48.17332807726468,1.5097191070554448
854.0,63.7476508312262,1.4863555859822875
855.0,47.43252070178844,none
856.0,48.47871910854425,1.4627165201654118
857.0,73.65723006139434,none
858.0,50.03400631900798,1.4847896265226106
859.0,55.322866789681854,1.5044720045284379
860.0,73.69071545963261,none
861.0,55.463296385158586,none
862.0,53.17535731165522,1.3563841273435426
863.0,76.09935942769783,1.5548975093088024
864.0,52.431536545511904,1.5898003412097268
865.0,48.89261804984349,1.500634512353622
866.0,61.97463667994855,1.3327428712444005
867.0,45.77159653473756,1.4858176702396144
868.0,45.771439374505576,1.4577338529762904
869.0,62.66535475027299,1.3406508929668544
870.0,46.65390693644593,1.3202685771638376
871.0,45.16799559552524,1.4334458874175886
872.0,63.37523410905385,none
873.0,47.22542998044116,1.5253102114147135
874.0,52.26835326884903,1.342823803245111
875.0,65.65818346244752,none
876.0,78.59275988682083,none
877.0,48.1832030929166,1.5034866119433576
878.0,48.24303094954986,1.5209193079983663
879.0,65.472487092043,none
880.0,49.12586786614575,none
881.0,52.70743753413089,1.5324322457790538
882.0,69.94158813851344,1.6301530079509627
883.0,51.292910941202166,1.3839016893860367
884.0,51.59162916217331,1.4314551962092643
885.0,68.86859482384916,1.4924393762625954
886.0,53.07705437705355,1.4207514554001737
887.0,50.44239438336286,1.4985786011786917
888.0,70.47387341600137,none
889.0,50.132013004537846,none
890.0,50.43048159926229,1.5583342225268029
891.0,67.43276441709335,none
892.0,49.77356170389963,1.4444697163458653
893.0,53.648109419204545,none
894.0,68.70968072566673,none
895.0,50.515683054090125,1.6127515739467926
896.0,49.35010598112063,1.5412788270760907
897.0,65.561275932539,none
898.0,49.03570128855347,none
899.0,48.516919633672245,1.6354881447964977
900.0,65.27298874090611,none
901.0,79.36851867349365,none
902.0,50.113475054866655,1.438622788137587
903.0,48.17997849557136,1.7822558727910076
904.0,66.50394730316192,none
905.0,48.344858672231794,1.383594824897681
906.0,48.1210121113349,1.6247589082301779
907.0,64.72330242422771,none
908.0,47.83993019932539,none
909.0,48.19814891077192,none
910.0,62.89008944648013,none
911.0,47.535091202795506,1.4932931728636858
912.0,46.55875310189522,1.432507146307522
913.0,63.08058078031497,1.4763995791264903
914.0,47.857675837414156,1.4515833686047868
915.0,49.453977762139345,1.5035544545515809
916.0,61.424202730083245,none
917.0,47.494290251546985,none
918.0,47.41297468028829,1.551769812021468
919.0,60.88120824247131,none
920.0,47.063037064718884,1.4697044447911645
921.0,47.118402265912785,none
922.0,62.565154145550736,none
923.0,46.698102777936846,1.5670064373184975
924.0,48.288619049236814,1.6598095832200825
925.0,59.44853714246888,none
926.0,79.59896333325246,none
927.0,48.55430056308088,1.412095333873858
928.0,49.37162625407071,none
929.0,67.69797013895024,none
930.0,47.35755874687568,1.4991499336294123
931.0,46.56694361095877,none
932.0,62.97618500968236,none
933.0,46.26639019631634,none
934.0,48.26415424824674,1.2946305214009917
935.0,61.593999912640435,1.5756265505368103
936.0,46.18328281142469,1.3288415742720812
937.0,47.79946943628819,1.3772509698455615
938.0,61.341128161323994,none
939.0,48.224590448106,1.630453399208019
940.0,48.420812811182024,1.4601142180086475
941.0,64.89803712548229,none
942.0,48.01539906874712,1.4135324537445233
943.0,48.42688435788298,1.3903687081425762
944.0,64.02066479225412,none
945.0,49.68382699157951,1.4089076661129085
946.0,50.302587735300534,none
947.0,67.05188061404063,none
948.0,55.89876001688952,none
949.0,19.133193694193018,none
950.0,23.09342945317771,none
951.0,43.03090088320513,none
952.0,46.45321416195491,3.012962588067496
953.0,50.08954913732437,none
954.0,72.36088450581182,none
955.0,47.92607161503556,1.3918569946018504
956.0,47.98639076939503,1.4951554073988496
957.0,64.32288796563857,none
958.0,43.47213556029023,1.5262870971822515
959.0,22.98541853129171,none
960.0,21.886654507510496,none
961.0,48.07558985658473,none
962.0,50.69906764056395,1.633862213980973
963.0,65.40772982367929,1.5003787509139541
964.0,39.346211825960346,1.3452514510904847
965.0,37.787632295469436,1.3831086602549276
966.0,52.97101012458444,1.3734381992396987
967.0,46.59256841952001,1.4635855885597682
968.0,47.15993473270402,1.4007285212120026
969.0,61.241298638258634,1.4997096341637552
970.0,49.19569239884491,1.500305358912609
971.0,49.94695374855007,1.4367661708723862
972.0,63.76997207250843,1.4057913215034448
973.0,49.57486131126696,none
974.0,49.21045495886821,none
975.0,66.5269240315465,none
976.0,85.77749276284307,none
977.0,51.85223134752116,1.595820092333641
978.0,50.763548368172,1.6574918471271884
979.0,63.349448729743514,1.78731788012404
980.0,50.26969806556819,1.579936208638365
981.0,48.078470780654705,1.7471570725853498
982.0,56.415023414885106,1.748261924834185
983.0,48.10810333509671,1.859667965696801
984.0,47.93006087019826,2.0160295755844415
985.0,56.13642865820574,none
986.0,48.950849476958915,none
987.0,47.79331528549588,1.5623449245875731
988.0,53.987599577179736,1.6791761344452227
989.0,47.03777945827368,1.547579313429169
990.0,46.24074542784343,none
991.0,51.450853511029145,none
992.0,47.342071138246496,1.5547111463630066
993.0,48.68826945570142,1.5731296922208478
994.0,53.8012243678808,none
995.0,48.34133678526535,none
996.0,44.57590449309617,1.630036206398532
997.0,51.64897916629863,none
998.0,44.30686106976632,1.706301723085061
999.0,45.74640551102914,1.9215391461352835
1000.0,50.54205568531145,none
1001.0,77.14004583620083,none
1002.0,39.54944777150623,1.7707924590837643
1003.0,37.773414663398775,1.7612559302476585
1004.0,54.48295038617778,1.9721617685900164
1005.0,39.28865085432793,1.5349599787206898
1006.0,39.85692236783226,1.6238710573247122
1007.0,55.23148127836152,1.4354670704939305
1008.0,44.68715989458613,none
1009.0,45.3341552286151,1.5206342628020906
1010.0,52.815889195467,1.526732769754362
1011.0,44.24737648571913,none
1012.0,44.780977039384595,1.4768579994843944
1013.0,51.05449539042442,1.5607177068680067
1014.0,46.06598154772015,none
1015.0,44.72192261845713,none
1016.0,52.78619764963964,1.528715023815272
1017.0,44.993794693003956,1.5030887419691197
1018.0,46.43731379067678,1.4829185173776782
1019.0,51.14429742473731,none
1020.0,46.85582997888811,1.6036533665447739
1021.0,44.93138496309059,none
1022.0,52.03739459011382,1.924398549666469
1023.0,47.36842734121187,1.5450201073981413
1024.0,47.45424876158121,none
1025.0,53.553067364507754,1.5037951363436737
1026.0,77.65835051566405,none
1027.0,47.36448660671213,1.5252577005384056
1028.0,45.89859862301925,1.4978725079016029
1029.0,57.205443477298644,none
1030.0,46.71224771443131,none
1031.0,46.50880084486399,none
1032.0,53.94326541716615,none
1033.0,45.48406495901381,1.6006328995956611
1034.0,45.45117951670751,1.3890739654559003
1035.0,50.40538189230508,1.5571616384316556
1036.0,44.19080283394405,1.4314044026423587
1037.0,46.70654609391153,1.447772357239376
1038.0,49.624257613628096,1.5178711092269994
1039.0,45.081208529787176,1.5729241667564824
1040.0,46.11051915843627,1.504785810309173
1041.0,52.59128300866316,1.5581416937066506
1042.0,43.89539444529107,none
1043.0,45.87301259433619,1.4142727142081257
1044.0,49.52100791031086,none
1045.0,45.114818694557016,1.5584815508086567
1046.0,45.23577409750297,none
1047.0,50.62260166313184,1.4216909232934185
1048.0,45.36243719342861,1.6779027494421073
1049.0,44.30112075944575,1.5691625976138197
1050.0,51.566266901307976,none
1051.0,73.42784993336407,none
1052.0,48.200226654954015,1.538499284972856
1053.0,44.63343098992939,1.4094550193950885
1054.0,54.372937086947026,1.5298834593451733
1055.0,45.73537108728676,1.5009807275886302
1056.0,44.2525524020481,1.394908428246024
1057.0,50.56162206741245,none
1058.0,43.623902155742684,1.4603289159010493
1059.0,46.46727526744157,1.503311496942136
1060.0,51.750906225727384,none
1061.0,46.00344464403406,1.463045197091707
1062.0,46.75389927598341,1.5571504808209
1063.0,50.27592026829091,none
1064.0,44.671632934553124,1.4038682480184779
1065.0,45.274979060302364,none
1066.0,50.746863298405685,1.4071189796210541
1067.0,43.843913096265375,1.6500163725276331
1068.0,45.32608589230507,1.2809730384964797
1069.0,49.88134988609285,1.4423301345098614
1070.0,44.328770303186204,1.541035288554997
1071.0,44.513198256303234,1.4426599865764793
1072.0,49.822142286976145,1.5727237124813158
1073.0,45.168800368851464,1.364903675519859
1074.0,46.851945396782256,1.541233039451699
1075.0,52.84420705146935,none
1076.0,75.20963915882453,none
1077.0,48.50516441981121,1.5044519255200468
1078.0,46.539400684704795,1.4757291534099812
1079.0,55.245862674270185,1.582177462541819
1080.0,45.67455617792229,none
1081.0,45.79555712587056,1.4701461683254806
1082.0,55.487837835812556,none
1083.0,48.8947612026499,1.5931807612309123
1084.0,52.079458603703074,1.5616643671663029
1085.0,54.87670751534858,none
1086.0,15.951811924579584,none
1087.0,16.850985134315323,none
1088.0,28.291562710670004,none
1089.0,32.96709448751486,none
1090.0,37.74332492572011,none
1091.0,55.42847536256643,1.4962030799756434
1092.0,34.18044559042927,1.788719204802348
1093.0,38.48588001417166,1.1627863119664328
1094.0,53.24994101909777,1.3167442693912752
1095.0,47.073877881045405,1.3375177829225822
1096.0,46.85146175874202,1.4604513969705701
1097.0,61.33408933233032,none
1098.0,48.93335626683491,none
1099.0,48.99561071571743,1.4902915414980111
1100.0,63.27413050003641,none
1101.0,79.37476353845034,none
1102.0,47.455325655657745,1.3592877920937196
1103.0,49.02628105510933,1.4700790587986188
1104.0,63.90686127787618,none
1105.0,47.17227034327452,1.4289284331872887
1106.0,47.58480610895678,1.5212788773484531
1107.0,64.15477506602926,none
1108.0,46.0265357179257,1.4970167336513454
1109.0,46.21821357625761,none
1110.0,62.583881919386535,none
1111.0,45.494979700939126,1.5184593878231418
1112.0,46.8551012899124,none
1113.0,63.52694626668931,1.628894756013864
1114.0,48.34900551005848,none
1115.0,49.016781702637765,1.5895584235755578
1116.0,64.74813033036473,none
1117.0,46.87781348579195,1.3893722560745003
1118.0,50.312409481035694,1.3903981078346337
1119.0,64.20928492319639,none
1120.0,48.541232225581794,none
1121.0,48.25368208148706,1.4466582651769493
1122.0,61.394557521318156,none
1123.0,47.83618668776238,none
1124.0,49.297694231842556,1.74708097243964
1125.0,64.548761435997,1.5918802776834868
1126.0,83.03690701196341,none
1127.0,51.50190291402363,1.3276327189192618
1128.0,51.20505415962533,1.4072197022263475
1129.0,69.41888537979567,none
1130.0,50.46681918998277,none
1131.0,51.1772667694921,1.8348442365982807
1132.0,70.56517882986726,none
1133.0,52.66621616675968,1.4775758119287852
1134.0,49.3737271232983,none
1135.0,60.98951589177121,none
1136.0,52.8955293082579,1.5317117719174869
1137.0,50.408213584411186,none
1138.0,61.63738031439735,1.6643263338636196
1139.0,49.0090198875003,1.4317694908096963
1140.0,49.7504891828484,none
1141.0,56.97706223941371,none
1142.0,47.85018159567085,1.5165390157182437
1143.0,48.200828906306874,1.4779897279369854
1144.0,55.34491963444878,none
1145.0,48.12694707893907,none
1146.0,48.288986664466506,none
1147.0,52.796343313742135,1.6354448318067796
1148.0,48.207601506855305,none
1149.0,47.21095776165401,1.5353394719275604
1150.0,52.58382211109223,1.820005580439361
1151.0,85.4566612520566,none
1152.0,57.88227092761289,1.601042446082746
1153.0,55.920078392195876,none
1154.0,33.96090311766847,none
1155.0,15.956479465747774,none
1156.0,23.025195830425396,none
1157.0,44.68578542201946,none
1158.0,37.00849295018079,none
1159.0,39.91981005159068,1.6568217992866607
1160.0,52.397011284331086,none
1161.0,13.932365879686477,none
1162.0,13.605846871896917,none
1163.0,26.938299677837364,none
1164.0,40.81083481220122,none
1165.0,52.28203323507002,none
1166.0,68.63701925462884,1.5012003790008106
1167.0,53.68636187240651,1.450277387221
1168.0,53.18253853129172,1.623450811477716
1169.0,30.171033979567575,none
1170.0,16.005121139945157,none
1171.0,46.661635826736884,none
1172.0,66.39020705418719,none
1173.0,46.75770328850493,1.5446938433481026
1174.0,46.446769893566945,1.418371337711744
1175.0,62.88320210284161,1.4532693477514402
1176.0,80.0967694101774,none
1177.0,50.645906925574515,1.5059299176547007
1178.0,49.48778834293479,1.3133564175035273
1179.0,64.5816454525953,none
1180.0,49.89839899284137,1.5532448241072234
1181.0,48.44829067980295,none
1182.0,65.4423383847218,none
1183.0,49.96853565619161,1.419579647968547
1184.0,49.922610002281054,1.5945525524796984
1185.0,68.04956486825694,none
1186.0,51.882113885413375,1.4427238709011463
1187.0,50.4016318361523,1.5620375028843316
1188.0,67.69489570375403,none
1189.0,49.411175641825814,1.7500735215274261
1190.0,51.52733117678177,1.4555161408233706
1191.0,66.49155996020286,none
1192.0,48.545219874881695,1.3987157867162399
1193.0,48.54606964342741,none
1194.0,65.06653909427553,1.7976779867329118
1195.0,47.435550325026085,1.6323168804127868
1196.0,49.86202693042781,1.7792709334458525
1197.0,68.5773449116455,none
1198.0,54.043184517556845,none
1199.0,46.28965516620156,none
1200.0,30.957378831226187,none
1201.0,28.54975769215463,none
1202.0,27.03533772680725,1.7988398793668912
1203.0,42.486119352956884,none
1204.0,67.07639180800311,none
1205.0,51.64036593947924,none
1206.0,16.05936393933364,none
1207.0,20.98925248368075,none
1208.0,19.92441356946298,none
1209.0,30.542256561042493,2.237786972419132
1210.0,59.26565757344269,none
1211.0,48.91666915634934,none
1212.0,49.28989352811279,none
1213.0,67.6620867806547,none
1214.0,47.36246813035988,1.8339790860652325
1215.0,49.47055759042928,1.9984676408096904
1216.0,63.8086408479701,none
1217.0,48.70163106350555,1.5764898610998297
1218.0,47.20434660156762,1.4822164768180746
1219.0,64.40596578960906,none
1220.0,49.36103706122449,none
1221.0,48.14316399776747,1.5637049018933282
1222.0,64.94815932441944,none
1223.0,52.96737299133685,none
1224.0,50.59547249037832,none
1225.0,75.76826970263778,none
1226.0,72.23976105569172,none
1227.0,40.76751343289087,none
1228.0,39.69910207964279,none
1229.0,54.40470747030989,none
1230.0,48.94235676129001,none
1231.0,56.02431323487587,none
1232.0,72.15724450717076,none
1233.0,48.995192007959425,1.6322925003700377
1234.0,50.432267974083324,1.6731533645463874
1235.0,63.95153019971366,none
1236.0,49.31461531374214,1.5243971620142744
1237.0,47.64363271168919,1.7867228683878666
1238.0,65.96431210657866,none
1239.0,39.15601045752142,none
1240.0,20.20246257506855,none
1241.0,51.52044665971026,none
1242.0,36.537955656676935,none
1243.0,40.426809528403986,none
1244.0,55.1762757626732,2.0754330438519597
1245.0,37.51174688092408,1.7408693277728562
1246.0,37.01670873682933,1.6022884170579372
1247.0,52.615083631633865,1.652303468135703
1248.0,48.33902794593414,1.7964927223698108
1249.0,49.61336824247131,none
1250.0,63.429537067727914,none
1251.0,26.77579773117523,none
1252.0,18.25161581751559,none
1253.0,22.914206393360676,none
1254.0,49.40703976548813,none
1255.0,45.72993840995899,none
1256.0,52.381635116988996,2.7191048764244172
1257.0,47.33654081389988,none
1258.0,16.67290509781844,none
1259.0,16.688028709844936,none
1260.0,31.382102968186558,none
1261.0,42.5133618368803,none
1262.0,42.79710578795895,1.5770687589562036
1263.0,67.34154898434808,none
1264.0,40.38181923210949,1.4768909092912943
1265.0,39.68787232458929,1.4020351375942117
1266.0,64.24277083394404,1.4835992350867044
1267.0,39.64015116076585,1.395872984819978
1268.0,38.36405151263074,1.2205593234258598
1269.0,63.549486939649114,1.3720181661525155
1270.0,38.789650518673106,1.3785004129942307
1271.0,38.80284965167803,1.7092392413388189
1272.0,63.06189983741416,none
1273.0,39.52956496920576,1.4182996230164633
1274.0,39.00710255876144,1.2320869145702313
1275.0,64.09462088378751,1.5677305145052884
1276.0,67.64841380630443,none
1277.0,52.92297678662428,1.5452024662954362
1278.0,52.41366024858647,none
1279.0,68.45011316013492,1.8893543624544038
1280.0,45.912300145696335,none
1281.0,45.45932055774224,none
1282.0,60.265397766895575,none
1283.0,44.50147440180543,none
1284.0,47.20164160489214,none
1285.0,58.645952486107404,none
1286.0,18.046463040209662,none
1287.0,15.054877759712687,none
1288.0,22.051975933024337,none
1289.0,18.64007523948652,none
1290.0,33.043551308112306,none
1291.0,70.78456976446893,none
1292.0,39.01258223164843,1.536677685721058
1293.0,38.47985641039579,1.5340139846295209
1294.0,64.53555614977311,none
1295.0,39.65634699837414,1.3377360443049635
1296.0,39.50228516527943,1.347645691790761
1297.0,63.378488242471306,1.4886582952509713
1298.0,41.32853843616686,1.3817897479799974
1299.0,40.51901143924871,1.3450126230644432
1300.0,64.2724774164867,none
1301.0,72.89072503579315,1.7019701468447932
1302.0,49.547314148268576,1.4161245268539324
1303.0,46.4717268495717,1.4921579611778568
1304.0,63.57735819495742,1.610158318087104
1305.0,46.80744849173724,1.4464990540133302
1306.0,47.46523149952681,1.509520474007804
1307.0,65.841414814822,none
1308.0,48.648916710039074,1.5266082939553098
1309.0,48.61805474493435,1.4251839146865546
1310.0,65.57451728078817,none
1311.0,49.792287480501834,1.5686162606682557
1312.0,47.675554220097546,1.5815773338755246
1313.0,64.28404141464243,none
1314.0,45.664980828071535,1.5126047699572158
1315.0,46.388850823849154,1.5910759552311031
1316.0,65.11876231153389,none
1317.0,46.24538649557135,1.4716275676984796
1318.0,47.299122974495866,1.4505780779145065
1319.0,64.25293853905701,1.6594961846467298
1320.0,46.521486539736465,none
1321.0,47.93556410919945,none
1322.0,63.809350704554824,none
1323.0,46.953115687932254,1.7182364800727703
1324.0,46.270334189133436,none
1325.0,64.50265481967533,none
1326.0,73.17014164323328,none
1327.0,48.037471426144776,1.63149676278425
1328.0,48.4130423548254,none
1329.0,67.02758522691646,none
1330.0,48.584790971292676,1.7316721380424827
1331.0,49.997356175204445,1.8024285966376699
1332.0,65.26572233599455,none
1333.0,48.00345840724115,none
1334.0,50.10106817442792,1.5583713658001948
1335.0,66.88141709781844,none
1336.0,49.85885411206291,1.7793283656737102
1337.0,47.886364862044694,1.682169123344764
1338.0,64.51373033424737,none
1339.0,48.94570021733116,1.6666837356476214
1340.0,51.26094264845058,1.76783891004314
1341.0,67.62539011342183,none
1342.0,51.16844921604505,none
1343.0,51.23824664165594,1.6647469491681568
1344.0,70.1604179281225,none
1345.0,56.43115574791915,none
1346.0,52.555689646824725,1.6536136365234724
1347.0,69.04209057244776,none
1348.0,25.85221752529787,none
1349.0,17.453083718993422,none
1350.0,27.589438367735205,none
1351.0,72.66998052037177,none
1352.0,48.76684048630154,1.6744551670875825
1353.0,49.562002170787935,1.483752701813767
1354.0,65.47394578698828,1.5052537726506583
1355.0,47.92468702894999,1.3947922479589883
1356.0,47.68826076012521,1.4365876304676122
1357.0,63.651802120895915,none
1358.0,48.85687533344657,1.4758024624281927
1359.0,49.19068278715814,1.6057946939880838
1360.0,65.39235685253222,none
1361.0,49.788649266325315,none
1362.0,50.955917930937424,1.4322968166853116
1363.0,66.09793483792376,none
1364.0,49.0254193155864,1.5398442716894898
1365.0,50.18211516901648,1.4781284938697283
1366.0,68.16354340614915,none
1367.0,51.27498866752408,1.296987135009976
1368.0,50.45195548545222,1.4855807997293848
1369.0,65.87971676090176,none
1370.0,51.17522078536242,1.4983112826554639
1371.0,51.193675034482744,1.3482326339065087
1372.0,71.38586422810552,none
1373.0,54.69793460030576,1.4025193386556294
1374.0,52.213604445630814,1.3536186923035256
1375.0,70.60016987512438,none
1376.0,82.11989529122279,1.5789845479059714
1377.0,53.77645380999296,1.4168220516290968
1378.0,53.01014279249679,1.4326015866150428
1379.0,69.21038636647333,none
1380.0,49.87338105753597,none
1381.0,50.507214941978695,1.54133623212892
1382.0,68.4224100420782,1.4819426248750451
1383.0,52.95814401087141,1.7192390867304925
1384.0,52.455346396757996,1.5481503564175811
1385.0,67.07439605290106,none
1386.0,49.84555086510228,1.6114276466445534
1387.0,48.99050251585819,1.5897143005644079
1388.0,66.96485322487807,none
1389.0,48.42482629095587,1.6181172020565395
1390.0,49.9031631715402,1.5188091215218238
1391.0,69.3826523627363,1.5009883296468318
1392.0,52.2636261399209,1.4624045089641398
1393.0,51.87479486286977,1.6056164756013955
1394.0,71.14802437758743,1.6600296761593283
1395.0,51.24263373767866,1.4912708310656415
1396.0,53.498868777597124,1.587292176552136
1397.0,73.10589211327624,1.5876654196662503
1398.0,55.60945564318475,1.6656048188715589
1399.0,53.4753840281492,1.5861560976305233
1400.0,71.8205189677983,none
1401.0,83.93736118459559,none
1402.0,56.25267978393069,1.5613273673006878
1403.0,54.166866203402165,1.5450275230146755
1404.0,71.95731459205513,1.531268930285755
1405.0,53.26801411342182,1.5094493974668024
1406.0,54.45420409095101,1.5023347193476557
1407.0,70.02031501235167,none
1408.0,54.23091764070955,1.7068143422847681
1409.0,53.800640830886465,1.4481252428423228
1410.0,72.4440974024121,none
1411.0,57.488454586522366,1.3336003888257946
1412.0,56.186048141328364,1.420720650710412
1413.0,74.84012835875659,none
1414.0,55.0886536265379,1.4084113531923195
1415.0,56.91236368909704,1.2553259207473773
1416.0,73.47606698886166,1.6101675009995133
1417.0,60.02618544725667,1.5433948738324135
1418.0,58.67855674090612,1.4694347043323028
1419.0,78.13643299123977,1.5740615193813117
1420.0,59.743642175252965,1.3649602913008465
1421.0,62.85735985983645,1.4884014504253198
1422.0,80.48496536193551,1.49057838246186
1423.0,60.92598969894926,1.5166335780408122
1424.0,60.62943176723531,1.478150454109723
1425.0,76.94518438438205,1.5080498371407112
1426.0,92.95253504583948,1.5237401529353047
1427.0,61.98072654031887,1.2672333037761965
1428.0,61.31257279293357,1.221788927064961
1429.0,78.94294912276443,1.4902833587049922
1430.0,63.12291009672644,1.2600842412704434
1431.0,62.14232635550487,1.2235834455686836
1432.0,78.39559826795119,1.400748455725699
1433.0,61.720881399694235,1.3570799330810128
1434.0,58.13622539387027,1.3593470667924819
1435.0,76.60114883641923,1.4965083962231858
1436.0,58.34810989211094,1.4670757114524897
1437.0,58.85329321264773,1.3330663357133312
1438.0,74.97976824247131,1.3144874485411604
1439.0,59.25232302613508,1.3637864037648781
1440.0,58.41063790298236,1.213430826047396
1441.0,76.65627893557233,1.3552335581612616
1442.0,59.75283356548327,1.1306188374774653
1443.0,60.31585115872746,1.2835557601202798
1444.0,77.16150654313378,1.3039316121339992
1445.0,61.821931055449056,1.1171380989302184
1446.0,61.907748515518456,1.0995326305136763
1447.0,78.81862079293359,1.2665330532078063
1448.0,60.85432226940717,1.1682914062703196
1449.0,60.50329433512097,1.2422971308375286
1450.0,77.6512227523114,1.3140462622312084
1451.0,91.2881433147128,1.467378457613714
1452.0,61.186179432259934,1.321113176392001
1453.0,58.8414013730981,1.317186107159403
1454.0,78.98359213725158,1.3047394724947134
1455.0,63.32957720264991,1.21707022138431
1456.0,64.92141774855008,1.1678347714758657
1457.0,81.08085458458105,1.278540515085458
1458.0,61.82788308806328,1.0418425754734553
1459.0,63.62342862811522,1.1726966742272367
1460.0,80.20020814870539,1.2684423707660506
1461.0,65.33175791463029,1.073825026445938
1462.0,63.22662651595525,1.1069092951241548
1463.0,79.82044761095877,1.2524209809305593
1464.0,64.3890034025577,1.103133821949164
1465.0,65.5137607819651,1.1464765632303415
1466.0,84.91699436686163,0.9468519330472677
1467.0,69.1982853702832,0.9676295309890005
1468.0,72.76752111431969,0.8536743350159917
1469.0,89.4510469942003,0.8940127398659684
1470.0,73.18050801562765,0.9371059975916057
1471.0,74.36510287131452,0.8922538047877302
1472.0,94.11350126428695,0.9376124504006249
1473.0,73.30952161945206,0.974192382281608
1474.0,73.09309649600816,0.8826441639670176
1475.0,90.52757693746511,0.9083493557973381
1476.0,99.49352089106749,1.1781509121573916
1477.0,72.29323823436629,1.0135235656072399
1478.0,74.26411657414641,0.9270005496993139
1479.0,96.56769773593146,1.0182924494351402
1480.0,81.04147948419035,0.9381954826162621
1481.0,85.28936595403917,1.0038843056144928
1482.0,104.7093592083283,1.0549996905558763
1483.0,80.64530524264116,1.0162485672942978
1484.0,77.44002478060618,5.180760498763954
1485.0,167.55551406886846,none
1486.0,74.79872429265451,1.1781580047739726
1487.0,73.75701011953699,1.0029035439842489
1488.0,94.0722101117717,1.0259635160437093
1489.0,71.68687545963262,0.946066021243179
1490.0,69.03887037336504,6.228402857995094
1491.0,100.64225613783397,none
1492.0,45.06430508131718,none
1493.0,35.16472970234657,none
1494.0,75.99361201135673,7.017132511186388
1495.0,73.07241800577545,none
1496.0,79.36569319362276,0.8542672187000848
1497.0,92.28416751059237,0.8394059565805263
1498.0,85.07778668776238,0.9146031880366398
1499.0,80.03215224014171,0.8824577784378751
1500.0,88.52078347933706,0.8437009304143743
1501.0,122.32833553990633,0.8355236112532421
1502.0,102.33745489616345,0.767775836003276
1503.0,99.44636078526534,0.6632621244978595
1504.0,118.06520976446892,0.6362684572017175
1505.0,103.88008646033633,0.6629618236598133
1506.0,100.81790653498022,0.7352183882779794
1507.0,112.921290935087,0.7704502831946445
1508.0,94.61007761061906,0.728037923269754
1509.0,97.55190649964813,0.7450360368634581
1510.0,114.00158502696013,0.728371034767928
1511.0,100.00446892669078,0.7723319269579693
1512.0,101.64265125928803,0.8144961475967666
1513.0,120.71000711650366,0.7958405523620912
1514.0,99.00971936654614,0.732036665188195
1515.0,97.03593762372296,0.8148798944754195
1516.0,106.9330749861438,0.769823055066249
1517.0,87.1466145356597,0.7996636401625065
1518.0,84.82501472047369,0.7733834456877451
1519.0,95.318587246087,0.7791155907628216
1520.0,78.24075184197626,0.7931478486048988
1521.0,80.3148197723798,0.6743868286621054
1522.0,94.28480584571332,0.8376036815083585
1523.0,79.4601905471135,0.7525961337996829
1524.0,82.32813104865443,0.6234314924295455
1525.0,93.80483867737631,0.6790258043505546
1526.0,113.66909958348904,0.7103898015714025
1527.0,78.85357789764373,0.7375625649028293
1528.0,74.2438497283603,0.7321593747661315
1529.0,79.71568942473732,0.7924692973261126
1530.0,67.3125176282851,0.7252106069751036
1531.0,67.57793514077022,0.7751680914950192
1532.0,74.54372666786381,0.745189669093201
1533.0,70.29381570200684,0.8080880371573788
1534.0,68.46165122531485,0.8296656743589413
1535.0,70.9363625600233,none
1536.0,23.90616132359436,none
1537.0,31.9050640005824,none
1538.0,60.72126693256328,5.801917055927139
1539.0,58.27770225106166,4.388557365403571
1540.0,62.410004904171416,none
1541.0,72.38988973631974,none
1542.0,60.823516959887414,none
1543.0,61.08493503225024,3.8107708637022926
1544.0,65.91780977708753,none
1545.0,64.57821785493459,none
1546.0,63.45254743225995,0.9882416252264715
1547.0,71.99314961294861,0.9377829234552664
1548.0,63.57648115469921,0.8458767268315207
1549.0,59.823144109296514,0.8262743575833974
1550.0,67.43168226125361,0.9414175609857168
1551.0,85.56639161192943,0.8908237778978929
1552.0,66.45069496702178,0.829627769046669
1553.0,64.78404131136404,0.7833656506055217
1554.0,68.90660413637798,0.8688156782064854
1555.0,62.96563345055692,0.7459640251997012
1556.0,62.081318786090414,0.7573368638572252
1557.0,67.57857811643088,0.7869679073964951
1558.0,67.66189530403553,0.7778623806945875
1559.0,65.97493484860102,0.9341249927365257
1560.0,76.77350168904852,1.0195851632528423
1561.0,56.951789919289475,0.9182255592459051
1562.0,55.92888499657842,1.0580699417950863
1563.0,61.516543953408224,1.2716135965003328
1564.0,54.43893393540247,1.1042351919434115
1565.0,49.44635798975952,1.328190974563611
1566.0,53.669351452352636,1.1401179101775776
1567.0,52.61767320187339,1.2662368644962796
1568.0,45.991851001092,1.9265840565334118
1569.0,21.755375991069915,none
1570.0,13.837780523672015,none
1571.0,14.570032604528137,none
1572.0,47.90979265461429,5.3323590827894
1573.0,68.92322648120556,0.8411404414691144
1574.0,64.277152092407,0.7774030952560668
1575.0,69.45241537877648,0.8915453416525413
1576.0,84.37449718420733,0.766698914334108
1577.0,58.67487341658376,0.7770378812567168
1578.0,60.22509041190031,0.731789970869191
1579.0,66.83591248746633,0.7648714925365068
1580.0,62.087745725448315,0.7852903838724026
1581.0,59.7598856265379,0.6884170463810761
1582.0,64.27230763920502,0.721960905860174
1583.0,58.46207175947002,0.735097353506934
1584.0,55.45826082807152,0.7197062909048357
1585.0,62.0401155615521,0.7599118468403815
1586.0,59.534269215365576,0.785710008172133
1587.0,60.82417514620593,0.7893361966985
1588.0,69.54945158581863,0.8181909110278068
1589.0,61.60902391768789,0.7432947580809398
1590.0,60.93622393399501,0.7391175305254853
1591.0,69.88153159397218,0.7854842238241685
1592.0,60.57799745725448,0.861075154975345
1593.0,59.629393293309725,0.8297453449458079
1594.0,70.93295066068092,0.8894769169196213
1595.0,58.07340858550317,0.830734944400023
1596.0,59.80196797553931,0.8350825404750297
1597.0,70.24965707491081,0.8926000328704605
1598.0,61.52299497449586,0.8591624629263456
1599.0,61.3922071531947,0.8493625171645
1600.0,74.89159796976388,0.8029044108016504
1601.0,94.80464452483679,0.8130598240730726
1602.0,59.68221491965347,0.7719063504215496
1603.0,61.033844839719485,0.780969617665226
1604.0,76.378257565095,0.8140857651813186
1605.0,59.62633040355262,0.7629019791504621
1606.0,60.19958452415735,0.7762250351559072
1607.0,73.16118479594263,0.845904998003296
1608.0,60.56611783095926,0.8517394863214232
1609.0,61.72399737921328,0.8055118922337295
1610.0,74.61445984556771,0.8298250809659163
1611.0,62.626603678225635,0.8669187500568362
1612.0,65.06041946176806,0.8906588280131963
1613.0,75.80707919143877,0.9613924805344428
1614.0,64.60652708524837,0.9170936061983083
1615.0,64.19026569302822,0.9750754358009339
1616.0,79.11883286699506,0.9281589219386882
1617.0,65.63350947064961,0.8393235738296253
1618.0,66.77049953320876,0.7408911570245119
1619.0,79.47807548215195,0.8455707651376022
1620.0,68.0118472822927,0.968674651197427
1621.0,66.91060015045257,0.9435621771385714
1622.0,79.3508183536606,0.8900244519795057
1623.0,64.12491614394915,0.8428825606459365
1624.0,65.86828826091389,0.8677114405106018
1625.0,77.13046894571575,0.9109830543518342
1626.0,99.21934427916233,0.9321866069238481
1627.0,66.42021429648862,0.9227345580357533
1628.0,68.18722279113786,0.8740654937829344
1629.0,85.48467029784756,0.8388838205154951
1630.0,68.28529185372128,0.8459842477349001
1631.0,77.90270135397607,0.7704492700750872
1632.0,93.2856317546167,0.750810959129833
1633.0,79.68238794282802,0.798618621475326
1634.0,77.8567054210488,0.8061365717914196
1635.0,92.28994987153291,0.7830154874483537
1636.0,77.7727912966585,0.8384301306333473
1637.0,81.1125547976413,0.8246445682099134
1638.0,93.25814356436702,0.8341557302327673
1639.0,89.98313051381979,0.8430002679463657
1640.0,87.09061492237133,0.8152208909602336
1641.0,115.57442928137056,0.845283832938852
1642.0,106.4537121440462,0.8014566631801825
1643.0,114.44747677449104,0.7835059639591313
1644.0,135.53147655162707,0.8390002312843693
1645.0,117.21367973015604,0.8937575125556974
1646.0,116.49467681564704,0.8500630910443655
1647.0,123.67328580999298,0.8391043306004573
1648.0,115.62754704807202,0.846537230653217
1649.0,116.95688729122277,0.9030358968236809
1650.0,133.3361995199107,0.7541409837281258
1651.0,149.05186836040673,0.8918781812041696
1652.0,118.80739385823485,0.8277225321755761
1653.0,117.94250129981315,0.942283930974583
1654.0,132.4243698935669,0.9174958644326945
1655.0,117.75680101570043,0.9567402364517033
1656.0,122.4376338357155,1.006375629372263
1657.0,142.12685669091704,1.0102309803584104
1658.0,133.98858077177317,0.9673851150179726
1659.0,130.02863942303867,0.9863862984286734
1660.0,137.41680161285157,0.9888200081247135
1661.0,124.36285370671456,1.0172454074030908
1662.0,123.88854665495403,1.0196820851245614
1663.0,139.99419633730494,0.9698456728267711
1664.0,131.0969085564804,1.0140570647557847
1665.0,120.4735394679803,1.0436633531513895
1666.0,129.60197698793954,0.9707635278592421
1667.0,121.68959631303841,0.9977930686561793
1668.0,123.70229043170183,1.0006885843517164
1669.0,127.69147166259798,1.05580737150186
1670.0,103.85267591060206,1.0166031753771176
1671.0,104.1630042151957,1.00345184735441
1672.0,122.03037187565823,0.9193046444857949
1673.0,110.77270505996263,0.9827299058774286
1674.0,112.17318960964839,0.9696081613499583
1675.0,117.56516240627045,1.0188250358285122
1676.0,141.5987113867359,0.9786447516420802
1677.0,101.63897448266154,0.9481202156108057
1678.0,104.4286199787425,1.0031099421324767
1679.0,123.40762532456502,0.9923356213698673
1680.0,90.04244897959182,1.0070209151741227
1681.0,78.08236204712561,1.0195667683007232
1682.0,91.03183106602928,1.2357769714355231
1683.0,69.90616860744012,1.074041095178812
1684.0,69.54180981280788,1.091877500188263
1685.0,86.91786853706714,1.3162731827447032
1686.0,68.36463942303865,1.0768880971758128
1687.0,68.69185525724963,1.0750796192259262
1688.0,86.92283846499551,1.1372094549775547
1689.0,65.8711879894198,1.1106408770151734
1690.0,65.08216733237884,1.0621692833758134
1691.0,75.21602748292848,1.2720178250652325
1692.0,57.716139268218114,1.141004862213564
1693.0,56.89362500968235,1.0535142185831992
1694.0,71.36049187546409,1.0399212977886028
1695.0,63.57718594520613,1.027195304830761
1696.0,65.28017487442064,1.0123838024715537
1697.0,78.80324382110703,1.1710619983001487
1698.0,66.06762771239292,1.0998858088901586
1699.0,65.6222005934626,1.149388692939125
1700.0,82.43731152942317,1.2536793484869495
1701.0,100.3863195181635,1.356628599830462
1702.0,70.46448730947124,1.2340727910192175
1703.0,66.83857396432818,1.2254873276578924
1704.0,83.67999220985708,1.277398618501431
1705.0,67.50025096886603,1.3573103840053116
1706.0,64.78905596117352,1.300980339832528
1707.0,85.87753939420999,1.4609812125672519
1708.0,63.60348734072654,1.387994378585582
1709.0,66.40200048571916,1.364848611511461
1710.0,84.50407979460799,1.3246887467942945
1711.0,63.943140461161406,1.428424856149903
1712.0,67.31186240830887,1.2301227918248439
1713.0,82.26606898648353,1.2545808264594347
1714.0,64.44102909558592,1.3654198363789383
1715.0,62.95928274464316,1.3668071017671994
1716.0,80.03487137275839,1.6166376420680164
1717.0,63.48911249329031,1.3721100867459073
1718.0,63.05684657235071,1.46312222339926
1719.0,83.14632496784682,1.3791307113239544
1720.0,61.67923538877429,1.269700221838016
1721.0,64.05130662680482,1.3518659580751744
1722.0,79.18595335349076,1.6188963469089792
1723.0,62.032046787449346,1.4898143359579203
1724.0,65.12364215583975,1.4480281293807094
1725.0,74.95574496988522,1.7377252186672352
1726.0,61.358132005726915,none
1727.0,40.14783927938072,4.769797032309692
1728.0,42.08545318702226,3.6824094072599394
1729.0,38.55572221757384,none
1730.0,14.581871360528043,none
1731.0,22.37711012798175,4.151868283024239
1732.0,56.25909560959985,none
1733.0,47.44199929296998,1.3885221371715277
1734.0,47.016664661020656,1.3141364972906269
1735.0,67.8806051943993,1.2415570130052407
1736.0,45.09150602402388,1.3273940174453622
1737.0,45.52841853536849,1.2403260498381679
1738.0,63.01470085233809,1.4342086767207842
1739.0,44.073206712708384,1.2310883001964605
1740.0,44.78685314606033,1.454164510165957
1741.0,58.905247340726554,1.1373005185020706
1742.0,53.14187336397389,1.1507342751988567
1743.0,51.19796933834841,1.3248776041989874
1744.0,72.33273880327113,none
1745.0,54.47269107233858,1.4358791251886314
1746.0,55.61644728093378,1.4199980815632487
1747.0,74.51095473551894,1.4778182352396432
1748.0,56.85003724662088,1.3223135571115743
1749.0,56.933599786454415,1.3504976907066224
1750.0,75.94124886350069,1.4695213397021214
1751.0,82.8404467979325,1.4936441569678673
1752.0,55.90164142240772,1.4679970303855434
1753.0,56.10270919226382,1.3631691397422279
1754.0,76.45507200232959,none
1755.0,55.94982162382003,1.3958793140630665
1756.0,58.14962353893568,none
1757.0,76.98040985454634,none
1758.0,58.53773209696911,1.6042333843333678
1759.0,58.865252982989155,1.746157757409912
1760.0,75.64618945337183,none
1761.0,15.233797277293796,none
1762.0,16.63530160887185,none
1763.0,32.07215410225921,none
1764.0,25.148431577179743,none
1765.0,32.43403779019146,4.528095585196872
1766.0,60.83392462811523,1.975292635249904
1767.0,38.09411933276711,1.8787068045739304
1768.0,40.450933144119006,1.4692443652810852
1769.0,59.88693740338276,1.5870746046701807
1770.0,43.32565437802421,1.9995447157752406
1771.0,43.004631219782084,1.5276492331796736
1772.0,62.05870876905529,none
1773.0,41.728334426363176,1.5257873537307087
1774.0,40.96418098958965,1.4511589336136137
1775.0,58.18309093101022,1.6603351872385417
1776.0,30.473063144847,none
1777.0,16.458560358756586,none
1778.0,16.08098503375476,none
1779.0,35.57797397655852,none
1780.0,38.73228003591448,none
1781.0,49.436331634739986,none
1782.0,74.64311626528185,none
1783.0,53.66113087917688,none
1784.0,54.14098735169503,none
1785.0,75.98284569526075,none
1786.0,54.40454328093379,none
1787.0,52.7010423020214,1.5585851991816329
1788.0,74.93907191147565,none
1789.0,54.94353279953409,none
1790.0,57.48377991060206,none
1791.0,76.32595574753087,none
1792.0,55.203925269140235,1.4669269002926941
1793.0,55.66929533412604,1.5351877585138942
1794.0,72.99276038690577,none
1795.0,54.198517513746985,1.4418503171091974
1796.0,52.74591031046617,1.2726696757266291
1797.0,73.25847126598558,none
1798.0,56.940514004222386,none
1799.0,58.994496020189764,none
1800.0,71.63080151384405,none
1801.0,25.086260785362423,none
1802.0,13.521950961780195,none
1803.0,17.138678007619696,none
1804.0,33.54521018845398,none
1805.0,39.92192044417482,none
1806.0,54.93755361945207,1.8153153436413703
1807.0,76.42495508301586,1.6274841919552003
1808.0,59.62483779912155,1.43202244147841
1809.0,39.614490436166854,none
1810.0,24.607054162343175,none
1811.0,18.763663229294572,none
1812.0,32.723511854206606,none
1813.0,67.00739950049747,none
1814.0,54.65384588259847,1.5737061657204878
1815.0,51.318002578465865,1.4888586935511996
1816.0,74.31582265388629,1.4717690978503906
1817.0,52.709200752845256,1.6370738501787918
1818.0,51.478473313693605,none
1819.0,68.83596184367492,none
1820.0,53.96923319702007,none
1821.0,53.757249029677986,1.6663357913790149
1822.0,72.7554672286151,none
1823.0,55.25961423028949,1.5791768751762734
1824.0,53.30076441786988,1.4371494233073212
1825.0,72.65226970807348,none
1826.0,84.63813337863088,none
1827.0,54.51332178660002,1.638310235138805
1828.0,54.49918975602418,1.4525178241063543
1829.0,75.07520608177825,none
1830.0,53.68484286597589,1.5769732681422244
1831.0,55.777700065131405,none
1832.0,72.74335854789003,none
1833.0,54.25776051017982,none
1834.0,54.793703598340166,1.4572284378339557
1835.0,74.77612187628915,none
1836.0,55.65693612016793,1.6046865616146946
1837.0,54.97209717255939,1.6247175383965833
1838.0,72.47629784328667,none
1839.0,55.016919316071736,1.5619091352190115
1840.0,57.17750649964813,1.5207611903658655
1841.0,73.39739559960204,none
1842.0,54.94989768487466,none
1843.0,54.21028482282997,1.3856285628204832
1844.0,74.26495444936786,none
1845.0,54.66538186357349,none
1846.0,57.76051779912155,1.4586647669007913
1847.0,74.84971029978888,none
1848.0,53.92292196209566,1.4214424866173587
1849.0,55.60118878264456,1.546729170177882
1850.0,76.22823417253511,1.736248900636344
1851.0,84.9762564938727,1.575552246166361
1852.0,47.26315475706763,1.3774782590935197
1853.0,45.26083243407994,1.3112003304527768
1854.0,74.76169463408479,1.545891175255049
1855.0,46.28923293610619,1.3206005760621085
1856.0,45.195453352034754,1.6108066315870082
1857.0,75.4174013544614,none
1858.0,43.622384832827784,1.2637781425663432
1859.0,45.63322989211095,1.3003836758078875
1860.0,76.13138441952002,1.4716321174146685
1861.0,48.69422522497513,1.2699547128007374
1862.0,50.4726803624451,1.1557386739319617
1863.0,80.96746800126186,none
1864.0,50.46928288480672,1.0992659443642652
1865.0,50.65168532932126,1.2534622091329066
1866.0,80.67307236535709,1.2294575354663695
1867.0,50.691121871824116,1.0502356411284868
1868.0,50.1207281655949,1.2340145495562995
1869.0,77.18578228095805,1.2747100982188362
1870.0,50.174289926957705,1.1788670726298445
1871.0,50.750783178431895,1.03481634719358
1872.0,78.03313370807349,1.2453026927911128
1873.0,52.98060388750031,0.965485326098813
1874.0,52.497237632556,1.013521544458115
1875.0,82.51492135950885,1.2112870396276076
1876.0,93.73008319541847,1.2661986858708019
1877.0,64.42220674668154,1.1642828324980012
1878.0,62.95490125205659,1.1511457160141239
1879.0,81.5929780248004,1.2117571791152875
1880.0,62.238791077288944,1.0985793236077415
1881.0,63.71315840170836,1.0985619250318177
1882.0,80.64569589594505,1.1784296861311196
1883.0,64.19202688966003,1.0839267719579968
1884.0,62.87127226615546,0.9074171358372131
1885.0,83.17805711800821,1.0889519253676692
1886.0,65.11196595850421,0.9728757925045901
1887.0,64.84289660841078,0.9403925733993913
1888.0,84.54620441165764,0.9568117375591862
1889.0,68.9193036255187,0.9546758277749231
1890.0,65.47531651668326,0.883148078035092
1891.0,81.08024943832658,0.9561362116197344
1892.0,64.48779383299764,0.8402114569936763
1893.0,66.26484995646582,0.8585322991445816
1894.0,83.64044390924312,0.9714092954251499
1895.0,66.87338074537115,0.876941181828167
1896.0,77.23574988531631,0.8654188053588383
1897.0,100.23599171054866,0.7918701885697222
1898.0,73.72675804372831,0.7571886412478822
1899.0,68.81051941080833,0.7157691829810287
1900.0,89.28831177810672,0.7243457225257036
1901.0,106.76869849751267,0.7736108507103628
1902.0,71.06910470081777,0.6756881905118964
1903.0,68.60553836453202,0.6889927324261061
1904.0,88.33913423727826,0.7853014959737037
1905.0,73.59242044563081,0.7085264625804639
1906.0,99.54543926462667,0.6560003872632955
1907.0,123.60333416253731,0.6555218877774726
1908.0,108.46208251595523,0.6840282855399406
1909.0,105.77690595200076,0.6725372741838512
1910.0,126.93149361508408,0.6468450486693218
1911.0,110.12145214880245,0.7055309547464708
1912.0,110.87392731645998,0.6737463380697155
1913.0,122.25455954728336,0.7006688536246473
1914.0,104.5676033876095,0.7054208108851341
1915.0,114.07358625542965,0.6967152535061694
1916.0,127.93229773457254,0.6989838229135049
1917.0,98.01771713945983,0.7175397077616467
1918.0,92.95997189584799,0.6395756928748866
1919.0,102.51597753888714,0.670514907692194
1920.0,80.47622926021015,0.7018803929430714
1921.0,76.80854181406974,0.6339820906998751
1922.0,90.81868294945278,0.680571291691847
1923.0,74.26206058831808,0.7171809219778541
1924.0,76.21031521308451,0.6361578477350758
1925.0,90.09933829367372,0.7391089830010555
1926.0,104.91576438777938,0.7509955739080798
1927.0,68.99483875852361,0.7153417221133028
1928.0,64.61834718590599,0.7360615882306509
1929.0,76.4718763159504,0.80306690820235
1930.0,56.83679415894585,0.8227432937514396
1931.0,60.04618705855516,0.8473228042626375
1932.0,70.61377575733455,0.8125043933355489
1933.0,65.88882906316582,0.7814063073161068
1934.0,65.02762240714408,0.846834278197339
1935.0,77.76076880137835,0.7956876553343418
1936.0,68.04327553922687,0.7305410188639944
1937.0,69.50066892804969,0.8041426886662324
1938.0,80.84541107583294,0.7892905975246269
1939.0,69.02247327176103,0.7891836502458883
1940.0,67.13975926579145,0.8300488365389128
1941.0,81.64799825436191,0.8764060004800678
1942.0,67.41164882467422,0.8578612937938125
1943.0,66.70916661350675,0.8773081035662821
1944.0,82.12167298755126,0.8998759372211974
1945.0,65.74174495862555,0.8346903594911192
1946.0,66.40497420815841,0.8509947345963467
1947.0,81.62483169249435,0.8918897006910077
1948.0,66.69391832502609,0.8252049143935178
1949.0,65.40325652978719,0.9058521647137393
1950.0,82.21717640321289,0.8143222675588044
1951.0,94.51507917202554,0.9743852944782778
1952.0,65.07387057235071,0.9583587164929919
1953.0,70.79490688966001,0.8743496741535172
1954.0,86.71927488616562,0.8004098672223126
1955.0,73.27012138125167,0.8469680258415103
1956.0,77.90026403319663,0.8092303903932341
1957.0,92.0867880099978,0.7971430231533232
1958.0,75.58137423727827,0.794333029071671
1959.0,76.99043018990997,0.7259996472206058
1960.0,87.14317703258995,0.7455980821770026
1961.0,73.6845460919702,0.719649880030743
1962.0,74.63005814690966,0.8360658839012195
1963.0,91.8078608832051,0.8229389426051712
1964.0,78.11919011245115,0.8168564196635245
1965.0,78.46922886010339,0.7569910620240086
1966.0,119.56355615520883,0.6861085191603975
1967.0,106.2861751465942,0.6965346358631596
1968.0,114.14528291353831,0.6870800386462833
1969.0,120.22505736280908,0.6782333862964913
1970.0,113.88115254201752,0.6728277348631072
1971.0,114.22635980140264,0.6538064072478443
1972.0,119.51180166041398,0.6973013435926209
1973.0,106.58098083971947,0.6649369275616426
1974.0,106.36690772753525,0.7872607179593945
1975.0,116.79563264335461,0.7910750438134253
1976.0,114.26887547865758,0.7126259509484518
1977.0,72.78594467189207,0.6945770441167558
1978.0,70.35530310136136,0.7075662890133021
1979.0,91.05583358043145,0.7431242988199782
1980.0,72.39848558751729,0.696117543013876
1981.0,71.94655035395179,0.7415742965930927
1982.0,88.4498654193016,0.7551007417908698
1983.0,80.00308064121914,0.7163429463013617
1984.0,79.73083604067071,0.7345930778074338
1985.0,79.1340181416681,0.7220709903834345
1986.0,47.45492372404087,0.8610178881483502
1987.0,47.96252171554758,1.0512221333168001
1988.0,63.82466372142008,1.0048296826978373
1989.0,58.79644086136525,0.9427409263579861
1990.0,56.05485926122934,0.9097468444579386
1991.0,61.831081876677416,0.9969614901466272
1992.0,57.08057438481885,0.8780682772101672
1993.0,56.013710207381884,0.8384797567869665
1994.0,61.52042276745371,0.9422939353320993
1995.0,55.51926547152321,0.9286083463172754
1996.0,54.765132509888616,1.154595913084503
1997.0,62.46475740503288,1.0776241783854208
1998.0,54.23998035380621,1.0028409913837542
1999.0,54.93322355796064,1.1610793748031825
2000.0,60.54136915566987,1.1871312128398293
2001.0,80.36201684098134,1.1655818604132142
2002.0,47.4975312057075,1.113224453708933
2003.0,45.836461784173366,1.0716347730846487
2004.0,65.76323678264455,1.2303214762135075
2005.0,40.76827073852799,1.5671716603427988
2006.0,43.268466712028925,1.582485579369014
2007.0,63.002882105947734,1.4808876338450419
2008.0,44.87034274804048,1.214325117669911
2009.0,45.78198354728337,1.2870242102854768
2010.0,63.315270223106594,1.292578849901837
2011.0,21.86643159465165,none
2012.0,13.462933947826931,none
2013.0,17.021436521148296,none
2014.0,16.173117746511682,none
2015.0,30.758204118906065,4.144157764772042
2016.0,66.16784489446479,1.5305787788981322
2017.0,43.02991318750759,1.09740119521635
2018.0,43.6583057037055,1.1506793621768732
2019.0,61.15774003698221,1.2483982701560352
2020.0,44.093261870368124,1.0631614840073516
2021.0,43.841255362275234,1.0897087489788486
2022.0,59.067055613676615,1.3634273429057049
2023.0,53.204559491761515,1.2877426995064272
2024.0,53.005209696910875,1.3653713447875004
2025.0,68.56843932150744,1.4306002475089596
2026.0,87.13585038763378,1.5596010356777201
2027.0,54.20547004236938,1.2138151201997651
2028.0,56.396219149797375,1.2625012277607994
2029.0,73.15879429988595,1.3808132341824437
2030.0,53.30013497866972,1.327431488504829
2031.0,51.25887014739499,1.335731116575226
2032.0,74.76113834395399,none
2033.0,52.98037236681307,1.324549958005341
2034.0,55.35268105510932,none
2035.0,72.69738511257248,none
2036.0,53.66952229503264,none
2037.0,56.607741064718866,1.4106923698044218
2038.0,74.27988011783835,none
2039.0,55.2262296038244,1.3674003809877617
2040.0,55.031675645223125,none
2041.0,76.15260712329831,none
2042.0,55.544408937465114,1.501035150091645
2043.0,57.55254706496154,1.3547080456981224
2044.0,73.38190369831833,none
2045.0,39.13331969074717,none
2046.0,15.231429483850615,none
2047.0,28.09967898818219,none
2048.0,27.72374877177316,none
2049.0,38.35742693101022,none
2050.0,71.07573778698827,none
2051.0,22.749814731345094,none
2052.0,17.02726172787498,none
2053.0,27.2033295002548,none
2054.0,61.970664635783436,none
2055.0,40.929867935256866,1.9581205883387773
2056.0,45.68264457336989,1.328901551801122
2057.0,73.15363918522652,none
2058.0,45.37215012254605,1.7486703444161456
2059.0,24.694260963964183,none
2060.0,24.821714246887815,none
2061.0,14.107385433667403,none
2062.0,14.444297843286662,none
2063.0,22.00599073173336,none
2064.0,17.113689182848407,none
2065.0,16.00012984503385,none
2066.0,20.21171282001504,none
2067.0,16.37611511116504,none
2068.0,16.424490960712465,none
2069.0,26.32576120517363,none
2070.0,16.925107139120097,none
2071.0,17.265648099784027,none
2072.0,25.784579662112648,none
2073.0,18.805092082215047,none
2074.0,19.04222571341212,none
2075.0,28.388284656264407,none
2076.0,35.286008296828356,none
2077.0,19.885516109199447,none
2078.0,19.683269443471087,none
2079.0,24.17639408866995,none
2080.0,18.321457157417072,none
2081.0,18.62112289024242,none
2082.0,24.8442111577568,none
2083.0,18.252412101822415,none
2084.0,18.489130830255526,none
2085.0,24.549198963721516,none
2086.0,26.431208536387683,none
2087.0,45.97835353481035,none
2088.0,72.04809864097649,none
2089.0,51.31853821602076,1.491279481028836
2090.0,54.065560824091826,1.6005886986322462
2091.0,74.98521357412216,none
2092.0,18.056505133927057,none
2093.0,13.613911253949379,none
2094.0,27.78967419194836,none
2095.0,37.76140419189983,none
2096.0,39.45907973733893,1.3260109669240634
2097.0,57.35717260365453,1.524243811492399
2098.0,38.38432162915868,1.3513108137718104
2099.0,37.784587846732514,1.3883015001186902
2100.0,50.881497033754755,1.467406324396277
2101.0,70.0366350791332,none
2102.0,46.99047629401345,1.2533346558890932
2103.0,46.87806879623384,none
2104.0,61.55987957737386,1.4899558969990978
2105.0,47.751055757334555,1.3239066616860289
2106.0,45.51395025203232,1.3009961592600743
2107.0,61.50968706835884,1.547975844797782
2108.0,47.53490493824164,none
2109.0,46.27317460011163,1.4698481231869405
2110.0,61.04991541692348,none
2111.0,47.978842052561326,1.5798752417945834
2112.0,48.89791200795942,none
2113.0,67.13012260428548,none
2114.0,50.14230704787789,1.3926916752978886
2115.0,49.64164675638818,1.2421960725789114
2116.0,65.29250195869835,1.5115598114209376
2117.0,47.554641964231116,1.3529248724803682
2118.0,48.70390971137371,1.3376766574680676
2119.0,67.15413888189475,none
2120.0,50.03602083195418,1.5088646165392974
2121.0,50.785291685214396,1.7299687357843074
2122.0,66.88609598874032,none
2123.0,49.50292834904997,1.4251880720173824
2124.0,48.73738740333422,1.4632133634688567
2125.0,66.09954694401709,1.393067179884767
2126.0,80.02164177184594,none
2127.0,50.38723211104371,1.623022463181312
2128.0,48.72641522929458,1.476573851311151
2129.0,70.21289889101895,none
2130.0,50.36888388303525,1.4654439869363238
2131.0,50.9735852638016,1.5341591424605863
2132.0,67.44049653774661,none
2133.0,52.24998145298357,1.4663024901681998
2134.0,50.412307500206275,1.5102310350904742
2135.0,71.85578529893955,none
2136.0,50.25152932456503,1.5341052957761938
2137.0,52.414149396879324,1.4563060388711244
2138.0,71.87370479885462,none
2139.0,53.09164452580746,1.3464729023210136
2140.0,51.745248078429476,none
2141.0,69.90430665767187,none
2142.0,52.63868393797471,1.2536236201457567
2143.0,53.283606196316335,1.3208244741123643
2144.0,73.74319561804461,1.567664557973681
2145.0,55.64124092659372,1.2955140861206784
2146.0,58.33897085238661,1.264019362120332
2147.0,75.55331915882454,1.2998393480313701
2148.0,58.656017338348406,1.1948741134179888
2149.0,59.20666999927201,1.3169562904834609
2150.0,76.62242873314081,1.4235958277528786
2151.0,86.68423400946396,1.4942370971770536
2152.0,57.00078494542454,1.2720783406231029
2153.0,59.67477742667864,1.1749377886519408
2154.0,79.19636718736199,1.1435362104532012
2155.0,62.85404723201243,1.127175856917718
2156.0,64.63880200771676,1.0303667526321776
2157.0,84.37391484928048,1.0890001976836654
2158.0,63.425005767089715,1.0538268912924325
2159.0,63.866468880487275,1.0244367557691518
2160.0,81.08566091640176,1.0691415615035267
2161.0,63.784658458103806,1.0644987322771167
2162.0,64.58352768531147,1.0476737549357877
2163.0,82.89017063418184,1.0835326003026873
2164.0,64.70140987997769,0.9247167473015361
2165.0,65.15202544842145,0.9320330933718417
2166.0,77.70674460433402,0.9005904992440831
2167.0,63.648909278652724,0.8492989937131443
2168.0,63.83599816195492,0.8151944565335358
2169.0,84.39968787556116,0.9552612731992811
2170.0,66.01930994724452,0.9274866059813033
2171.0,64.95525207250844,0.920917967307147
2172.0,80.85021807236284,0.9001620852959465
2173.0,62.11923626935864,0.7792288159071102
2174.0,66.17330761726808,0.821530788007396
2175.0,90.2847868828654,0.74639201125365
2176.0,122.18329766798513,0.7119783072710414
2177.0,88.93757286185055,0.7485490762555335
2178.0,88.66819423873427,0.8496799150050174
2179.0,119.50943172064356,0.8847369901218182
2180.0,96.43991865854547,0.8030075455834688
2181.0,91.96812060433399,0.860037067351693
2182.0,114.8192828805358,0.8453106591393723
2183.0,88.85563812021645,0.7404255182242541
2184.0,99.89613654337646,0.8203728419054414
2185.0,129.8414930330753,0.8842582943049642
2186.0,99.35698807542043,0.8462591226213034
2187.0,98.11347111320343,0.8800733260905905
2188.0,126.86637345589556,0.9125859090759953
2189.0,99.52305471134946,0.8126158315459387
2190.0,97.13816399485552,0.8839145514275798
2191.0,129.0907613602854,0.8216910023700008
2192.0,101.77080018209615,0.7885461374559016
2193.0,94.02360785420662,0.8292871468721568
2194.0,108.48849997466573,0.9034408219940603
2195.0,78.04600033429591,0.8515551661522903
2196.0,68.42453631934771,0.8596836790300246
2197.0,88.60895769370768,0.7918261805927967
2198.0,63.66665820922614,0.7594016902864934
2199.0,60.23586706826179,0.8939288879411238
2200.0,81.71522291382949,0.980644860684478
2201.0,84.48580321230799,0.9901988747521177
2202.0,61.5017679345774,0.9331715767973632
2203.0,58.56218996821083,0.7921503601703856
2204.0,79.08490886010338,0.9045065359211978
2205.0,60.49950913635371,0.9622209491312551
2206.0,60.8519417502002,0.8710272301655437
2207.0,79.63397621451625,0.9582157371250962
2208.0,58.818393807178055,0.9355185441284705
2209.0,57.12881401868524,0.761975655915175
2210.0,78.10984729588196,0.9474468535951394
2211.0,56.45333471969715,0.8327227172096153
2212.0,55.63904778082458,0.8827422058118537
2213.0,75.39702099871387,0.9129927804367897
2214.0,54.612366061394354,0.8907983205900184
2215.0,54.644345933752334,0.9491449169210991
2216.0,73.56501795005946,0.8414706570362743
2217.0,64.10066915634934,0.8194471464213534
2218.0,62.005016535222886,0.9438923623106314
2219.0,76.15490108432624,0.9022810501653509
2220.0,62.25769182460143,0.9492286385805129
2221.0,66.39705943225994,0.9004563407515815
2222.0,81.4881284441748,0.9277866111953256
2223.0,73.21400719260356,0.9755813693882145
2224.0,71.25720303817127,0.9827217020800773
2225.0,92.1849370551093,1.0067857087797065
2226.0,109.21796479953407,0.8411200104898474
2227.0,72.19865586643695,0.8675953736797586
2228.0,73.61452405057148,0.8737374204023907
2229.0,96.93988075381591,0.8935901001488237
2230.0,74.37472157014244,0.8376181585775143
2231.0,75.61264554830255,0.8726705402620448
2232.0,95.52197632323039,0.9488947291866107
2233.0,76.04993732592395,0.9593617617082898
2234.0,80.46117462263098,0.9739197122262813
2235.0,83.1836292941833,none
2236.0,16.373071442063626,none
2237.0,13.357587323157563,none
2238.0,24.973672266155454,none
2239.0,20.716763248416605,4.100928180965981
2240.0,59.53354516382344,none
2241.0,93.24272331811012,0.7693456459313791
2242.0,70.38618834681743,0.7843404511694175
2243.0,71.43482342206799,0.798814413420221
2244.0,85.794585066369,0.7723426692150174
2245.0,71.35028080273727,0.7354189776709644
2246.0,73.28832906365113,0.6863808692474206
2247.0,84.58555379650076,0.691003110594388
2248.0,74.51145075143779,0.6636672996256088
2249.0,71.87143561843287,0.6152219016384088
2250.0,80.46755433036472,0.6097304327409759
2251.0,104.86648978621174,0.6558683764765878
2252.0,83.61561874891406,0.5818781300459216
2253.0,86.03279887170277,0.5464850507640774
2254.0,102.9503301340969,0.6015635636319916
2255.0,93.92305199349657,0.6083822996181872
2256.0,102.10046310272027,0.5858715008356145
2257.0,119.28903696338178,0.6273622011046371
2258.0,104.20988828653935,0.6219533302566631
2259.0,104.66160125254191,0.6218248955676398
2260.0,114.67639305045013,0.5905444547636021
2261.0,98.94315631012641,0.6370054722452659
2262.0,100.16713289465893,0.5929585049055416
2263.0,112.58315177985392,0.6325565060537354
2264.0,84.593078888204,0.6230186944734584
2265.0,77.89913116688102,0.5911165428268816
2266.0,96.47659261074038,0.6726181842789252
2267.0,79.97071854245432,0.6151467013630931
2268.0,79.4652427095052,0.6653881222750789
2269.0,95.54129266907715,0.7065549819978116
2270.0,75.50072965575481,0.6846007290924461
2271.0,70.47932640112596,0.6698785193017511
2272.0,79.3614831307724,0.6664083032989664
2273.0,56.378936307699774,0.669268715446835
2274.0,53.83535674245917,0.7455414635829924
2275.0,69.19104954199324,0.8529988137685814
2276.0,90.26470521449198,0.9825854905945922
2277.0,63.73082671299959,0.7973864375614069
2278.0,62.12364605246427,0.9120179316997464
2279.0,70.13888400067947,0.895075716872387
2280.0,59.6089160080565,0.8544460253272553
2281.0,60.042609621781644,0.93931777053286
2282.0,63.320243480793025,1.0272505077624001
2283.0,56.843184095124855,0.9361549731705717
2284.0,55.914182201363786,1.0343992985588915
2285.0,67.42482631114562,1.165659479948847
2286.0,60.633346488000186,0.9223261748195111
2287.0,59.38136333325244,0.9946887551447221
2288.0,65.39355378252323,1.1033648918728554
2289.0,58.5682660529496,0.9587350128248768
2290.0,57.4430286976146,1.0018517891840089
2291.0,61.21504083088646,1.0941504164316067
2292.0,52.622013637797565,1.043016885407626
2293.0,54.48547930947123,1.1207084307687298
2294.0,62.81971060535319,1.3189388998324028
2295.0,53.580236556480386,1.1955695703256812
2296.0,56.05475596107645,1.2662561555320262
2297.0,60.34903037452984,1.1212218564680845
2298.0,54.24819088490379,1.104361802466531
2299.0,53.64392973729039,1.2004300201684026
2300.0,60.458842751437786,1.2217608174833294
2301.0,88.20678936892425,1.5172138802555635
2302.0,55.42510331471281,1.3828642513810965
2303.0,54.533420262175746,1.493522839053013
2304.0,65.71746668310321,1.4919887669024232
2305.0,53.29822614826858,1.4094660113885198
2306.0,54.839869575675216,1.4827720652271708
2307.0,59.89951816117838,1.5252672794538058
2308.0,54.33382584813998,1.3917113895916775
2309.0,55.77746193151981,none
2310.0,62.1167114461404,none
2311.0,54.36428934494891,none
2312.0,55.077561606056925,1.6574357316098973
2313.0,60.16134585590527,1.5680660739597276
2314.0,52.291460780314985,1.6085559719582543
2315.0,54.13906289441627,1.4733283579137846
2316.0,59.963151996505616,none
2317.0,52.477778681744276,1.376529426780641
2318.0,51.095045103351225,1.6558007565953394
2319.0,60.914717209929876,none
2320.0,53.288014848795164,1.5327559783799516
2321.0,51.80783133781455,1.4835207018674972
2322.0,62.20530566973234,1.4159710252328193
2323.0,53.34980277745153,1.5738071451508788
2324.0,50.09225281700599,none
2325.0,58.48178666058386,none
2326.0,86.49632703380328,none
2327.0,53.138250615156885,1.4729144878783142
2328.0,50.99436825936082,1.5421017782467101
2329.0,62.86860159518552,1.5071766205716932
2330.0,50.47577690077411,1.42193100555256
2331.0,49.20399913261666,1.490336970985951
2332.0,57.88571299046325,none
2333.0,50.92528414123128,none
2334.0,54.06284840690141,none
2335.0,58.825896255284036,none
2336.0,41.637566200004855,2.0509699297088915
2337.0,40.67877438656605,none
2338.0,30.803995113300495,none
2339.0,13.335330195248611,none
2340.0,13.024194433643137,none
2341.0,20.729891176781774,none
2342.0,21.751272859423914,none
2343.0,30.349805040258193,none
2344.0,44.81083481220122,none
2345.0,34.50798480564925,none
2346.0,33.37826363910796,none
2347.0,45.27903748559781,none
2348.0,31.893976502608655,none
2349.0,31.928005008614626,none
2350.0,43.73751232983086,none
2351.0,57.724592588997545,none
2352.0,34.58033849460069,none
2353.0,33.47934198607101,none
2354.0,42.80655408517557,none
2355.0,30.694643432648206,none
2356.0,29.409966893057344,none
2357.0,42.12111506670873,none
2358.0,32.22531375417991,none
2359.0,32.30097486510228,none
2360.0,42.61300069402315,none
2361.0,30.406376819044382,none
2362.0,30.1188071436822,none
2363.0,40.89029672391953,none
2364.0,29.75736670183698,none
2365.0,29.442649356790998,none
2366.0,39.26448143890898,none
2367.0,29.08583876337693,none
2368.0,29.44156371899343,none
2369.0,40.40561487597369,none
2370.0,29.027007287146013,none
2371.0,29.60657529995875,none
2372.0,38.56109860894465,none
2373.0,30.182324636268774,none
2374.0,29.007810682132543,none
2375.0,40.102493096556586,none
2376.0,51.690810460239284,none
2377.0,31.993655388288968,none
2378.0,29.04188013919289,none
2379.0,40.8934611122813,none
2380.0,28.834453655851878,none
2381.0,28.756683674342984,none
2382.0,39.49857140100463,none
2383.0,30.326817328641805,none
2384.0,29.870843865757482,none
2385.0,41.39314429993448,none
2386.0,30.42672241733602,none
2387.0,28.711769797859695,none
2388.0,39.69837174753088,none
2389.0,29.429768023101754,none
2390.0,42.03523111397996,none
